ipca;ano-mÃªs;ipca_acum_12m;ipca_acum_10y;selic;cdi_acum_365d;cdi_acum_3650d;dolar;ibovespa;sp500;nasdaq;ouro
1,31;2000-08;6,85;1242,77;16,5;0,18;467339,66;1,81;17314,0;1491,56;3862,99;276,1
0,23;2000-09;7,6;1231,2;16,5;0,18;407137,58;1,84;16458,0;1462,86;3857,57;273,2
0,14;2000-10;7,52;1217,02;16,5;0,18;341116,05;1,87;14891,0;1392,27;3336,17;270,3
0,32;2000-11;6,47;1202,8;16,5;0,18;285332,56;1,95;14512,0;1367,72;3028,99;265,4
0,59;2000-12;5,84;1186,31;16,5;0,18;234368,85;1,96;14906,0;1326,95;2634,91;271,2
0,57;2001-01;5,83;1168,46;15,75;0,17;184911,44;1,95;17024,0;1342,54;2682,78;264,7
0,46;2001-02;5,78;1148,28;15,25;0,17;165745,14;2,0;16863,5;1315,92;2470,97;260,7
0,38;2001-03;6,11;1128,02;15,25;0,17;150565,19;2,09;15149,0;1172,19;1945,95;261,45
0,58;2001-04;6,27;1116,48;15,75;0,16;135000,79;2,18;14444,0;1187,66;1942,33;261,2
0,41;2001-05;6,43;1112,07;16,25;0,16;122047,02;2,31;14730,5;1266,52;2174,56;268,7
0,52;2001-06;6,83;1105,05;16,75;0,16;111300,22;2,38;14807,5;1226,2;2121,66;272,0
1,33;2001-07;7,12;1094,38;18,25;0,16;100619,24;2,47;13910,0;1205,82;2027,13;267,4
0,7;2001-08;6,84;1083,3;19,0;0,16;90168,87;2,51;13509,0;1181,66;1918,89;273,9
0,28;2001-09;6,23;1068,37;19,0;0,17;75166,77;2,68;10552,0;1032,74;1527,8;289,75
0,83;2001-10;6,28;1053,02;19,0;0,17;63739,68;2,74;11141,0;1077,09;1671,31;282,1
0,71;2001-11;6,97;1033,62;19,0;0,17;48263,77;2,53;12810,0;1138,65;1887,97;275,95
0,65;2001-12;7,36;1009,12;19,0;0,17;37245,07;2,35;13353,0;1144,73;1979,66;276,0
0,52;2002-01;7,42;986,06;19,0;0,17;30093,65;2,38;13232,0;1138,41;1979,25;281,5
0,36;2002-02;7,37;960,64;19,0;0,18;23052,74;2,42;13183,5;1104,18;1805,2;297,5
0,6;2002-03;7,27;936,68;18,75;0,18;19157,2;2,35;13986,5;1153,71;1864,16;293,55
0,8;2002-04;7,49;915,88;18,5;0,18;15159,45;2,32;13318,0;1120,27;1762,88;302,45
0,21;2002-05;7,71;896,75;18,5;0,18;12575,49;2,48;12574,0;1081,85;1657,02;311,4
0,42;2002-06;7,51;872,1;18,5;0,19;10165,98;2,7;11879,0;1016,79;1500,96;320,25
1,19;2002-07;7,41;852,31;18,5;0,19;8322,03;2,87;10580,5;908,83;1357,38;314,0
0,65;2002-08;7,27;831,67;18,0;0,18;6733,25;3,11;9739,5;917,83;1325,41;309,9
0,72;2002-09;7,22;810,18;18,0;0,18;5297,44;3,19;9717,0;875,77;1256,03;319,8
1,31;2002-10;7,66;786,27;21,0;0,18;4287,53;3,85;9022,0;879,2;1272,29;316,5
3,02;2002-11;8,14;762,34;21,0;0,19;3354,59;3,57;9971,0;909,09;1406,16;318,6
2,1;2002-12;10,45;742,87;22,0;0,19;2711,25;3,62;10674,0;897,38;1381,69;337,0
2,25;2003-01;11,9;719,73;25,0;0,19;2197,62;3,43;11625,5;908,59;1387,08;356,6
1,57;2003-02;13,63;691,63;25,5;0,2;1638,57;3,59;10306,0;837,28;1310,17;354,0
1,23;2003-03;14,84;668,22;26,5;0,2;1349,73;3,44;11006,0;848,18;1341,17;336,5
0,97;2003-04;15,47;642,19;26,5;0,21;1088,33;3,14;12086,0;885,23;1396,58;327,9
0,61;2003-05;15,64;615,41;26,5;0,22;840,04;2,96;13130,0;933,41;1520,15;352,6
-0,15;2003-06;16,04;588,33;26,5;0,22;653,59;2,87;13614,5;986,24;1627,67;356,6
0,2;2003-07;15,47;558,11;26,0;0,23;503,97;2,88;13601,0;991,82;1720,81;350,75
0,34;2003-08;14,48;527,59;24,5;0,23;384,76;3,0;13890,0;990,67;1715,62;361,6
0,78;2003-09;14,17;494,97;22,0;0,24;285,72;2,92;16054,0;1021,99;1855,03;379,7
0,29;2003-10;14,23;460,06;20,0;0,24;210,4;2,86;17814,0;1039,25;1912,36;377,2
0,34;2003-11;13,21;426,43;19,0;0,24;152,94;2,93;18800,5;1052,08;1947,14;391,5
0,52;2003-12;10,53;391,21;17,5;0,24;111,87;2,93;21086,5;1074,64;1955,99;409,2
0,76;2004-01;8,95;354,89;16,5;0,23;79,29;2,84;23471,0;1131,53;2104,67;412,7
0,61;2004-02;7,46;314,34;16,5;0,22;55,75;2,93;21965,5;1144,11;2053,56;403,6
0,47;2004-03;6,5;274,68;16,5;0,21;38,24;2,91;21901,0;1122,47;1976,76;404,2
0,37;2004-04;5,74;232,4;16,0;0,2;25,98;2,91;21754,0;1135,53;2030,08;399,8
0,51;2004-05;5,14;190,09;16,0;0,2;17,15;3,12;18669,0;1096,86;1925,81;383,85
0,71;2004-06;5,04;146,57;16,0;0,19;11,85;3,13;20293,0;1133,56;1995,6;392,5
0,91;2004-07;5,9;99,85;16,0;0,18;9,56;3,04;21677,0;1106,69;1912,71;398,3
0,69;2004-08;6,61;93,92;16,0;0,17;9,2;3,01;22410,5;1095,43;1833,93;402,95
0,33;2004-09;6,96;92,75;16,12;0,17;8,96;2,89;22749,0;1118,31;1886,43;405,8
0,44;2004-10;6,51;91,55;16,25;0,16;8,72;2,85;23230,0;1121,84;1932,97;420,3
0,69;2004-11;6,66;89,37;16,75;0,16;8,46;2,78;24034,5;1173,82;2078,62;437,45
0,86;2004-12;7,01;87,25;17,75;0,16;8,22;2,71;25576,0;1200,95;2149,7;441,6
0,58;2005-01;7,35;86,4;17,75;0,16;8,02;2,7;24368,5;1183,36;2076,61;423,85
0,59;2005-02;7,17;85,28;18,25;0,16;7,81;2,6;26640,5;1201,59;2065,4;425,5
0,61;2005-03;7,15;84,85;18,75;0,17;7,66;2,71;27778,5;1193,98;2025,7;434,2
0,87;2005-04;7,29;83,91;19,25;0,17;7,41;2,58;25435,5;1162,05;1950,78;428,1
0,49;2005-05;7,79;82,35;19,5;0,17;7,17;2,46;24716,0;1175,65;1994,43;420,5
-0,02;2005-06;7,77;80,17;19,75;0,17;6,98;2,41;25371,0;1200,88;2071,04;429,3
0,25;2005-07;7,04;77,89;19,75;0,18;6,79;2,37;25311,0;1226,77;2154,8;423,7
0,17;2005-08;6,38;75,78;19,75;0,18;6,61;2,36;26951,0;1221,73;2152,09;437,3
0,35;2005-09;5,86;74,96;19,5;0,19;6,47;2,29;29816,0;1227,68;2146,15;459,5
0,75;2005-10;5,88;74,32;19,5;0,19;6,34;2,25;29802,5;1191,38;2084,08;471,2
0,55;2005-11;6,19;73,66;19,0;0,19;6,24;2,21;31093,5;1233,76;2200,95;468,25
0,36;2005-12;6,05;72,74;18,0;0,19;6,14;2,31;33193,0;1262,09;2252,01;508,0
0,59;2006-01;5,55;71,54;18,0;0,19;6,06;2,27;35952,0;1281,51;2302,25;553,45
0,41;2006-02;5,56;70,79;17,25;0,19;5,99;2,15;37312,5;1280,0;2276,43;553,9
0,43;2006-03;5,38;70,17;16,5;0,19;5,92;2,15;37641,0;1297,23;2303,35;554,4
0,21;2006-04;5,2;70,25;16,5;0,19;5,87;2,13;39169,0;1305,93;2336,74;615,4
0,1;2006-05;4,54;69,2;15,75;0,18;5,81;2,18;38888,5;1291,66;2233,82;673,6
-0,21;2006-06;4,15;68,08;15,25;0,18;5,75;2,25;34661,0;1251,87;2134,36;585,65
0,19;2006-07;3,96;66,68;15,25;0,18;5,7;2,19;36378,0;1264,34;2077,3;632,8
0,05;2006-08;3,9;65,76;14,75;0,17;5,66;2,15;37161,0;1292,99;2134,66;625,9
0,21;2006-09;3,78;65,37;14,25;0,17;5,6;2,17;36162,0;1317,84;2228,2;590,0
0,33;2006-10;3,64;65,43;14,25;0,16;5,56;2,15;38850,0;1365,71;2343,57;588,2
0,31;2006-11;3,22;65,46;13,75;0,16;5,51;2,16;41162,0;1386,72;2412,61;625,75
0,48;2006-12;2,98;65,45;13,25;0,15;5,46;2,15;43356,0;1415,83;2431,41;627,1
0,44;2007-01;3,1;65,46;13,25;0,15;5,41;2,14;43428,0;1423,86;2446,23;632,1
0,44;2007-02;2,95;64,72;13,0;0,14;5,38;2,1;45241,5;1448,39;2488,38;667,3
0,37;2007-03;2,98;64,66;12,75;0,14;5,32;2,09;43923,0;1403,01;2398,35;653,25
0,25;2007-04;2,92;64,52;12,75;0,14;5,28;2,03;48732,5;1469,53;2507,93;679,6
0,28;2007-05;2,96;63,89;12,5;0,14;5,24;1,96;51459,0;1511,03;2563,84;664,0
0,28;2007-06;3,14;63,76;12,0;0,13;5,2;1,93;53940,5;1512,84;2599,96;653,5
0,24;2007-07;3,63;63,5;12,0;0,13;5,16;1,88;56001,0;1525,4;2656,65;664,7
0,47;2007-08;3,68;63,52;11,5;0,13;5,13;1,98;52735,0;1457,64;2547,33;666,3
0,18;2007-09;4,1;64,01;11,25;0,13;5,08;1,9;55250,0;1489,42;2630,24;715,8
0,3;2007-10;4,07;64,13;11,25;0,12;5,04;1,81;62643,0;1541,24;2780,32;757,0
0,38;2007-11;4,04;64,2;11,25;0,12;4,93;1,77;62927,0;1469,02;2644,32;805,7
0,74;2007-12;4,11;64,41;11,25;0,12;4,82;1,79;63628,0;1478,07;2667,43;802,15
0,54;2008-01;4,37;64,72;11,25;0,12;4,72;1,77;59907,0;1378,55;2394,59;889,6
0,49;2008-02;4,47;64,55;11,25;0,12;4,61;1,74;62591,0;1349,42;2320,93;920,65
0,48;2008-03;4,52;64,58;11,25;0,11;4,56;1,7;61641,5;1321,67;2259,44;971,05
0,55;2008-04;4,63;64,72;11,25;0,11;4,5;1,69;64176,0;1370,29;2364,07;913,1
0,79;2008-05;4,93;65,03;11,75;0,11;4,46;1,66;71222,0;1403,04;2483,31;883,7
0,74;2008-06;5,44;65,32;12,25;0,11;4,42;1,62;67204,0;1342,83;2448,94;884,8
0,53;2008-07;5,9;66,04;12,25;0,11;4,39;1,59;59817,5;1260,16;2281,45;936,4
0,28;2008-08;6,19;66,69;13,0;0,11;4,36;1,62;55519,0;1282,83;2384,36;827,4
0,26;2008-09;6,0;67,48;13,75;0,11;4,31;1,82;50750,5;1213,6;2207,9;805,0
0,45;2008-10;6,08;67,96;13,75;0,12;4,23;2,17;37257,0;954,09;1711,29;801,5
0,36;2008-11;6,23;68,39;13,75;0,12;4,14;2,29;36213,0;887,68;1532,1;741,9
0,28;2008-12;6,21;68,87;13,75;0,12;4,07;2,38;37793,5;874,83;1531,29;835,9
0,48;2009-01;5,75;68,82;13,75;0,12;4,02;2,31;39342,0;847,92;1520,58;855,9
0,55;2009-02;5,69;68,6;12,75;0,13;3,95;2,31;39988,0;825,44;1494,43;941,8
0,2;2009-03;5,75;68,1;11,25;0,13;3,85;2,31;39331,5;762,54;1444,39;923,15
0,48;2009-04;5,47;67,2;11,25;0,13;3,77;2,2;45478,5;851,92;1646,12;891,8
0,47;2009-05;5,4;67,12;10,25;0,13;3,7;2,06;50896,0;907,04;1731,16;925,9
0,36;2009-06;5,08;67,29;9,25;0,12;3,66;1,95;52034,0;925,47;1832,29;940,25
0,24;2009-07;4,7;67,46;9,25;0,12;3,62;1,93;51995,0;940,56;1885,82;936,15
0,15;2009-08;4,41;66,61;8,75;0,12;3,58;1,84;56588,0;1007,1;2000,25;947,0
0,24;2009-09;4,28;66,2;8,75;0,11;3,55;1,81;60046,0;1050,78;2102,64;997,9
0,28;2009-10;4,26;66,13;8,75;0,11;3,51;1,74;64071,0;1069,22;2139,21;1048,8
0,41;2009-11;4,09;65,22;8,75;0,1;3,48;1,73;66392,0;1093,28;2152,57;1127,35
0,37;2009-12;4,14;64,68;8,75;0,1;3,45;1,75;68305,5;1109,02;2203,98;1119,9
0,75;2010-01;4,23;64,45;8,75;0,1;3,41;1,77;69801,0;1136,22;2291,25;1118,1
0,78;2010-02;4,5;64,58;8,75;0,09;3,38;1,84;66125,0;1094,87;2190,91;1104,3
0,52;2010-03;4,73;65,23;8,75;0,09;3,35;1,78;69042,0;1159,46;2374,41;1110,3
0,57;2010-04;5,05;65,53;8,75;0,09;3,32;1,76;70016,5;1196,48;2471,73;1152,8
0,43;2010-05;5,14;65,68;9,5;0,09;3,29;1,82;62871,0;1124,48;2318,45;1205,2
0,0;2010-06;5,1;66,1;10,25;0,09;3,26;1,8;63605,0;1088,23;2233,54;1236,15
0,01;2010-07;4,74;65,87;10,25;0,09;3,24;1,77;63489,0;1083,48;2222,49;1194,8
0,04;2010-08;4,51;64,27;10,75;0,09;3,22;1,76;66689,5;1081,49;2186,07;1225,55
0,45;2010-09;4,4;63,0;10,75;0,09;3,2;1,72;67719,0;1124,83;2303,25;1271,9
0,75;2010-10;4,61;63,22;10,75;0,09;3,18;1,68;70555,0;1176,19;2441,23;1342,1
0,83;2010-11;5,08;63,83;10,75;0,09;3,17;1,72;70574,0;1197,84;2532,02;1366,0
0,63;2010-12;5,5;64,34;10,75;0,1;3,15;1,69;68471,0;1242,23;2637,43;1388,35
0,83;2011-01;5,76;64,38;10,75;0,1;3,14;1,67;70092,5;1282,64;2713,36;1368,3
0,8;2011-02;5,84;64,64;11,25;0,1;3,13;1,67;66726,5;1320,88;2783,99;1364,8
0,79;2011-03;5,86;64,98;11,75;0,1;3,11;1,66;67264,0;1308,44;2736,42;1426,1
0,77;2011-04;6,13;65,39;11,75;0,11;3,1;1,58;66972,0;1332,52;2790,4;1479,35
0,47;2011-05;6,33;65,58;12,0;0,11;3,09;1,62;63724,5;1340,2;2823,31;1508,8
0,15;2011-06;6,37;65,64;12,25;0,11;3,08;1,59;62303,0;1285,55;2685,81;1530,65
0,16;2011-07;6,52;65,27;12,25;0,11;3,06;1,56;59971,0;1326,28;2815,13;1589,4
0,37;2011-08;6,67;64,1;12,5;0,11;3,04;1,6;53473,0;1178,81;2507,98;1759,8
0,53;2011-09;7,0;63,77;12,0;0,11;3,02;1,73;55778,0;1172,87;2529,14;1806,6
0,43;2011-10;7,08;64,02;12,0;0,12;3,0;1,76;54783,5;1209,88;2614,92;1659,7
0,52;2011-11;6,76;63,62;11,5;0,12;2,98;1,77;57155,5;1236,91;2621,65;1745,5
0,5;2011-12;6,45;63,43;11,0;0,12;2,95;1,85;57455,0;1244,58;2605,15;1611,9
0,56;2012-01;6,32;63,28;11,0;0,12;2,93;1,78;60304,0;1301,77;2748,9;1654,65
0,45;2012-02;6,05;63,32;10,5;0,12;2,91;1,72;65611,0;1351,86;2931,61;1738,45
0,21;2012-03;5,7;63,41;9,75;0,11;2,89;1,81;66757,0;1396,53;3055,82;1670,35
0,64;2012-04;5,12;63,02;9,75;0,11;2,86;1,84;62346,0;1386,35;3037,14;1649,5
0,36;2012-05;4,99;62,86;9,0;0,11;2,83;1,99;56063,0;1331,54;2883,9;1579,95
0,08;2012-06;4,88;63,01;8,5;0,11;2,81;2,04;54392,5;1325,51;2849,49;1612,2
0,43;2012-07;4,81;62,67;8,0;0,1;2,78;2,03;54331,0;1360,02;2925,3;1589,1
0,41;2012-08;5,08;61,91;8,0;0,1;2,75;2,03;58406,0;1405,53;3048,71;1617,1
0,57;2012-09;5,12;61,67;7,5;0,1;2,72;2,03;60478,0;1441,59;3136,42;1763,8
0,59;2012-10;5,16;61,52;7,25;0,09;2,68;2,03;58663,5;1440,13;3064,18;1751,5
0,6;2012-11;5,32;60,8;7,25;0,09;2,65;2,07;57358,0;1394,53;2937,29;1724,2
0,79;2012-12;5,4;58,38;7,25;0,09;2,61;2,08;59586,0;1419,64;2999,44;1693,4
0,86;2013-01;5,69;57,07;7,25;0,08;2,56;2,04;61728,0;1472,63;3125,63;1669,5
0,6;2013-02;5,99;55,68;7,25;0,08;2,51;1,97;57758,5;1514,68;3168,48;1634,7
0,47;2013-03;6,14;54,71;7,25;0,08;2,48;1,98;56684,0;1552,29;3243,35;1592,0
0,55;2013-04;6,4;53,95;7,25;0,07;2,43;2,0;54926,0;1569,43;3247,02;1469,8
0,37;2013-05;6,31;53,53;7,5;0,07;2,38;2,03;55448,0;1648,98;3459,28;1404,0
0,26;2013-06;6,32;53,29;8,0;0,07;2,34;2,15;49256,5;1624,35;3423,81;1377,3
0,03;2013-07;6,5;53,7;8,5;0,07;2,29;2,25;47315,0;1681,71;3593,06;1284,2
0,24;2013-08;6,1;53,53;8,5;0,07;2,26;2,35;50195,5;1662,41;3655,79;1363,9
0,35;2013-09;5,93;53,43;9,0;0,07;2,22;2,26;53798,0;1690,44;3737,36;1334,2
0,57;2013-10;5,71;53,0;9,5;0,08;2,2;2,18;54173,0;1721,54;3839,43;1320,6
0,54;2013-11;5,69;53,28;9,5;0,08;2,17;2,3;52688,0;1784,93;3944,47;1272,8
0,92;2013-12;5,63;53,48;10,0;0,08;2,15;2,34;50819,0;1805,09;4060,49;1226,0
0,55;2014-01;5,76;53,88;10,5;0,08;2,14;2,38;49311,0;1831,98;4153,18;1242,2
0,69;2014-02;5,45;53,67;10,5;0,09;2,13;2,39;47386,5;1829,83;4240,67;1317,1
0,92;2014-03;5,54;53,75;10,75;0,09;2,11;2,33;46589,0;1866,52;4279,95;1340,2
0,67;2014-04;5,99;54,2;11,0;0,09;2,1;2,23;51583,0;1869,43;4112,99;1298,0
0,46;2014-05;6,11;54,5;11,0;0,09;2,09;2,22;53100,0;1885,08;4127,45;1293,3
0,4;2014-06;6,2;54,45;11,0;0,1;2,08;2,23;54210,0;1949,98;4337,23;1273,6
0,01;2014-07;6,34;54,14;11,0;0,1;2,07;2,22;55786,5;1974,12;4441,56;1307,75
0,25;2014-08;6,32;53,24;11,0;0,1;2,05;2,27;56964,0;1955,18;4464,93;1293,6
0,57;2014-09;6,33;52,8;11,0;0,1;2,05;2,34;58268,0;1997,45;4562,19;1233,6
0,42;2014-10;6,55;53,04;11,0;0,1;2,03;2,45;54303,0;1946,16;4422,09;1228,5
0,51;2014-11;6,4;53,02;11,25;0,11;2,02;2,54;53403,0;2039,82;4675,71;1175,2
0,78;2014-12;6,37;52,84;11,75;0,11;2,01;2,65;50133,0;2063,89;4760,59;1195,6
1,24;2015-01;6,23;52,76;11,75;0,11;1,99;2,62;48140,0;2024,47;4663,1;1259,65
1,22;2015-02;6,92;53,42;12,25;0,11;1,99;2,85;50084,5;2096,99;4893,84;1219,0
1,32;2015-03;7,45;54,05;12,75;0,11;1,97;3,16;50524,0;2080,31;4939,94;1183,95
0,71;2015-04;7,85;54,76;12,75;0,11;1,96;3,05;54227,0;2097,29;4994,6;1201,5
0,74;2015-05;7,89;54,6;13,25;0,11;1,94;3,04;56288,0;2115,3;5040,52;1191,45
0,79;2015-06;8,17;54,85;13,75;0,12;1,93;3,1;53523,0;2101,9;5076,6;1178,65
0,62;2015-07;8,56;55,66;13,75;0,12;1,91;3,19;51965,5;2100,88;5094,07;1137,8
0,22;2015-08;9,17;56,03;14,25;0,12;1,9;3,49;47508,0;2083,39;5036,79;1118,6
0,54;2015-09;9,14;56,08;14,25;0,12;1,89;3,87;46498,0;1948,86;4756,53;1123,7
0,82;2015-10;9,11;56,27;14,25;0,13;1,88;3,87;47209,0;2021,4;4855,11;1165,35
1,01;2015-11;9,51;56,34;14,25;0,13;1,87;3,79;47065,0;2085,09;5102,65;1080,8
0,96;2015-12;10,01;56,8;14,25;0,13;1,86;3,88;44893,5;2054,36;5043,08;1071,8
1,27;2016-01;10,19;57,4;14,25;0,13;1,85;4,04;38944,0;1906,9;4591,18;1097,2
0,9;2016-02;10,22;58,08;14,25;0,13;1,84;3,98;40948,0;1916,61;4504,34;1210,3
0,43;2016-03;9,9;58,57;14,25;0,14;1,84;3,67;49605,0;2024,7;4757,12;1244,1
0,61;2016-04;9,01;58,57;14,25;0,14;1,83;3,55;52652,5;2080,73;4895,79;1242,2
0,78;2016-05;8,91;58,97;14,25;0,14;1,83;3,54;50990,0;2063,37;4763,22;1270,3
0,35;2016-06;8,95;59,65;14,25;0,14;1,83;3,41;50130,5;2087,17;4844,34;1278,9
0,52;2016-07;8,51;60,21;14,25;0,14;1,83;3,28;55578,0;2163,77;5035,22;1331,9
0,44;2016-08;8,41;60,54;14,25;0,14;1,83;3,22;57781,0;2180,38;5222,99;1340,3
0,08;2016-09;8,63;60,93;14,25;0,14;1,83;3,25;58367,0;2159,93;5257,49;1321,7
0,26;2016-10;8,17;60,8;14,25;0,14;1,83;3,19;63101,0;2141,16;5246,79;1265,0
0,18;2016-11;7,61;60,73;14,0;0,14;1,83;3,39;61578,5;2176,94;5275,62;1222,3
0,3;2016-12;6,78;60,6;13,75;0,14;1,83;3,36;59179,0;2256,96;5437,16;1156,4
0,38;2017-01;6,12;60,42;13,0;0,14;1,83;3,2;63951,0;2271,6;5554,14;1195,45
0,33;2017-02;5,23;60,36;13,0;0,14;1,83;3,11;66687,5;2337,58;5782,57;1234,4
0,25;2017-03;4,66;60,25;12,25;0,14;1,83;3,12;64884,0;2368,06;5861,73;1231,9
0,14;2017-04;4,48;60,13;11,25;0,14;1,83;3,13;64491,0;2355,84;5880,93;1266,1
0,31;2017-05;4,01;60,02;11,25;0,13;1,83;3,19;65194,5;2397,67;6120,91;1252,05
-0,23;2017-06;3,54;60,05;10,25;0,13;1,82;3,3;62018,0;2434,15;6234,18;1255,1
0,24;2017-07;2,96;59,54;10,25;0,13;1,82;3,18;65011,0;2459,94;6329,37;1236,95
0,19;2017-08;2,68;59,54;9,25;0,12;1,81;3,15;68355,0;2457,59;6333,01;1285,1
0,16;2017-09;2,43;59,26;8,25;0,12;1,81;3,13;74381,0;2497,61;6433,79;1316,2
0,42;2017-10;2,51;59,24;8,25;0,11;1,8;3,17;76350,0;2557,39;6594,97;1276,4
0,28;2017-11;2,67;59,36;7,5;0,11;1,8;3,26;73824,0;2587,84;6786,44;1279,4
0,44;2017-12;2,77;59,26;7,0;0,1;1,79;3,3;73102,5;2668,86;6889,59;1262,5
0,29;2018-01;2,91;58,96;7,0;0,1;1,78;3,22;79832,0;2798,03;7296,05;1331,4
0,32;2018-02;2,82;58,71;6,75;0,09;1,77;3,24;84659,0;2703,96;7218,23;1328,8
0,09;2018-03;2,81;58,54;6,75;0,09;1,76;3,29;85088,0;2716,94;7345,29;1322,4
0,22;2018-04;2,65;58,15;6,5;0,08;1,75;3,41;85210,0;2656,87;7094,3;1336,3
0,4;2018-05;2,73;57,82;6,5;0,08;1,74;3,65;83082,0;2716,55;7388,26;1302,95
1,26;2018-06;2,82;57,43;6,5;0,08;1,73;3,77;72122,0;2762,59;7659,93;1276,2
0,33;2018-07;4,31;57,95;6,5;0,07;1,72;3,85;77363,0;2801,83;7805,72;1231,4
-0,09;2018-08;4,4;57,75;6,5;0,07;1,7;3,91;77473,0;2856,98;7870,89;1204,5
0,48;2018-09;4,12;57,38;6,5;0,07;1,69;4,13;76789,0;2904,31;7990,37;1196,2
0,45;2018-10;4,44;57,6;6,5;0,07;1,67;3,71;83965,5;2767,78;7468,63;1222,6
-0,21;2018-11;4,47;57,6;6,5;0,07;1,66;3,77;87714,0;2730,2;7259,03;1221,0
0,15;2018-12;3,98;57,03;6,5;0,06;1,64;3,89;86793,5;2546,16;6783,91;1247,4
0,32;2019-01;3,69;56,9;6,5;0,06;1,63;3,74;94474,0;2616,1;7023,83;1287,1
0,43;2019-02;3,72;56,74;6,5;0,06;1,62;3,73;97086,0;2753,03;7426,95;1314,3
0,75;2019-03;3,83;56,62;6,5;0,06;1,61;3,83;95415,0;2805,37;7642,67;1297,0
0,57;2019-04;4,49;57,17;6,5;0,06;1,6;3,87;95923,0;2905,03;7984,16;1286,8
0,13;2019-05;4,84;57,26;6,5;0,06;1,59;3,99;94437,0;2857,9;7801,0;1282,35
0,01;2019-06;4,57;56,92;6,5;0,06;1,58;3,86;98774,0;2890,65;7841,07;1340,65
0,19;2019-07;3,32;56,57;6,5;0,06;1,58;3,77;103739,5;2995,47;8203,33;1415,8
0,11;2019-08;3,18;56,52;6,0;0,06;1,57;4,01;100391,0;2894,59;7922,28;1504,95
-0,04;2019-09;3,38;56,48;6,0;0,06;1,57;4,12;103876,0;2982,13;8107,76;1504,85
0,1;2019-10;2,86;56,2;5,5;0,06;1,56;4,1;104729,0;2989,69;8104,3;1492,3
0,51;2019-11;2,51;56,02;5,0;0,06;1,56;4,18;108196,0;3100,08;8496,15;1464,9
1,15;2019-12;3,23;56,12;4,5;0,06;1,55;4,08;112200,0;3191,14;8814,23;1475,0
0,21;2020-01;4,23;56,9;4,5;0,06;1,54;4,17;116791,0;3276,24;9258,7;1557,5
0,25;2020-02;4,12;56,36;4,25;0,06;1,53;4,33;114803,0;3337,75;9572,15;1577,2
0,07;2020-03;3,94;55,83;4,25;0,06;1,52;4,97;74798,0;2605,62;7737,12;1622,95
-0,31;2020-04;3,26;55,38;3,75;0,05;1,51;5,26;78728,0;2797,8;8494,75;1703,4
-0,38;2020-05;2,38;54,5;3,0;0,05;1,5;5,68;80502,5;2926,37;9153,21;1713,6
0,26;2020-06;1,87;53,69;3,0;0,05;1,49;5,22;94686,0;3106,32;9902,52;1729,45
0,36;2020-07;2,12;53,95;2,25;0,04;1,47;5,31;101791,0;3217,03;10497,85;1813,45
0,24;2020-08;2,29;54,3;2,0;0,04;1,45;5,46;102065,0;3380,35;11129,73;1958,7
0,64;2020-09;2,42;54,5;2,0;0,04;1,44;5,37;98835,0;3351,6;11050,47;1933,0
0,86;2020-10;3,1;54,69;2,0;0,03;1,42;5,62;98309,0;3431,24;11455,11;1901,65
0,89;2020-11;3,86;54,8;2,0;0,03;1,41;5,39;106430,0;3570,22;11867,8;1873,05
1,35;2020-12;4,24;54,86;2,0;0,03;1,39;5,15;115669,5;3694,77;12626,62;1864,2
0,25;2021-01;4,44;55,58;2,0;0,03;1,37;5,34;119851,0;3799,61;13128,95;1850,7
0,86;2021-02;4,48;55,0;2,0;0,02;1,36;5,41;118932,0;3906,71;13856,3;1806,7
0,93;2021-03;5,09;55,06;2,0;0,02;1,34;5,66;114160,0;3913,1;13138,73;1722,5
0,31;2021-04;5,95;55,2;2,75;0,02;1,32;5,58;119379,5;4141,59;13914,77;1767,3
0,83;2021-05;6,57;54,74;3,5;0,02;1,31;5,28;122636,0;4170,72;13559,08;1852,7
0,53;2021-06;7,78;55,1;3,5;0,02;1,29;5,04;129265,0;4234,54;14071,14;1857,0
0,96;2021-07;8,05;55,48;4,25;0,02;1,28;5,17;125960,0;4367,48;14663,64;1805,0
0,87;2021-08;8,65;56,28;5,25;0,03;1,26;5,24;120689,5;4445,25;14819,58;1787,55
1,16;2021-09;9,28;56,78;5,25;0,03;1,25;5,28;113794,0;4455,48;15052,24;1776,7
1,25;2021-10;9,8;57,41;6,25;0,03;1,24;5,53;110572,5;4471,37;14897,34;1769,7
0,95;2021-11;10,19;58,23;7,75;0,04;1,23;5,57;104511,0;4682,85;15853,85;1816,4
0,73;2021-12;10,25;58,66;9,25;0,04;1,23;5,65;105531,0;4677,86;15519,63;1787,1
0,54;2022-01;9,63;58,89;9,25;0,05;1,23;5,52;106692,0;4618,07;14656,85;1817,55
1,01;2022-02;9,92;58,87;10,75;0,05;1,22;5,2;112768,0;4471,07;13878,82;1854,8
1,62;2022-03;10,07;59,43;10,75;0,06;1,23;5,03;115170,0;4386,54;13614,78;1942,1
1,06;2022-04;10,76;60,84;11,75;0,07;1,23;4,7;116147,0;4404,99;13391,77;1932,4
0,47;2022-05;11,51;61,26;12,75;0,08;1,23;4,99;107619,0;4008,01;11737,67;1847,4
0,67;2022-06;11,15;61,37;13,0;0,08;1,24;5,12;102063,0;3821,55;11232,19;1834,6
-0,68;2022-07;11,29;61,96;13,25;0,09;1,25;5,39;98719,0;3901,0;11591,96;1725,2
-0,36;2022-08;9,65;60,85;13,75;0,1;1,26;5,12;110501,0;4145,19;12644,46;1760,3
-0,29;2022-09;8,42;60,08;13,75;0,11;1,27;5,22;110547,0;3899,89;11535,02;1670,8
0,59;2022-10;6,97;59,22;13,75;0,11;1,28;5,26;115977,0;3719,98;10792,67;1660,7
0,41;2022-11;6,31;59,22;13,75;0,12;1,29;5,31;111370,5;3957,25;11114,15;1744,9
0,62;2022-12;5,77;59,03;13,75;0,12;1,3;5,24;107689,0;3895,75;10810,53;1795,9
0,53;2023-01;5,66;58,86;13,75;0,13;1,32;5,18;111736,0;3977,89;11040,13;1912,8
0,84;2023-02;5,65;58,53;13,75;0,13;1,33;5,18;108303,0;4090,46;11816,32;1851,9
0,71;2023-03;5,48;58,77;13,75;0,13;1,34;5,21;102932,0;3970,99;11675,54;1926,6
0,61;2023-04;4,57;59,01;13,75;0,13;1,35;5,05;103930,0;4129,79;12087,96;1995,2
0,23;2023-05;4,12;59,07;13,75;0,13;1,36;4,97;108632,0;4137,88;12354,13;1985,9
-0,08;2023-06;3,88;58,93;13,75;0,14;1,37;4,85;118087,0;4365,69;13502,2;1944,6
0,12;2023-07;3,13;58,59;13,75;0,14;1,38;4,8;119076,0;4528,83;14061,09;1959,65
0,23;2023-08;3,93;58,68;13,25;0,14;1,39;4,9;117535,0;4467,71;13722,02;1917,9
0,26;2023-09;4,52;58,67;13,25;0,14;1,4;4,93;117107,0;4450,73;13709,29;1918,25
0,24;2023-10;5,07;58,58;12,75;0,13;1,41;5,06;114004,0;4270,88;13227,92;1925,05
0,28;2023-11;4,72;58,25;12,25;0,13;1,41;4,89;124819,0;4502,88;14103,84;1982,75
0,56;2023-12;4,59;57,99;11,75;0,13;1,42;4,9;130197,0;4713,14;14769,75;2030,35
0,42;2024-01;4,53;57,63;11,75;0,13;1,42;4,92;129130,5;4783,45;14972,76;2026,0
0,83;2024-02;4,42;57,5;11,25;0,13;1,42;4,97;129036,0;5003,09;15826,43;2028,0
0,16;2024-03;4,41;57,64;11,25;0,13;1,42;4,98;127690,5;5161,33;16236,57;2160,55
