ano-mÃªs;ipca_acum_10y;cdi_acum_10y;ibovespa;ibovespa_lag10y;sp500;sp500_lag10y;dolar;dolar_lag10y;ouro;ouro_lag10y;nasdaq;nasdaq_lag10y;retorno_cdi_10y_real_anualizado;retorno_cdi_10y_anualizado;retorno_dolar_10y_anualizado;retorno_dolar_10y_real_anualizado;retorno_ibovespa_10y_anualizado;retorno_ibovespa_10y_real_anualizado;retorno_sp500_10y_anualizado;retorno_sp500_10y_real_anualizado;retorno_nasdaq_10y_anualizado;retorno_nasdaq_10y_real_anualizado;retorno_ouro_10y_anualizado;retorno_ouro_10y_real_anualizado;retorno_nasdaq_dolarizado_10y_anualizado;retorno_nasdaq_dolarizado_10y_real_anualizado;retorno_sp500_dolarizado_10y_anualizado;retorno_sp500_dolarizado_10y_real_anualizado
2010-08;0,6426999999999999;4,219045702759186;66689,5;17314,0;1081,4949951171875;1491,56005859375;1,75855;1,8079;1225,5499877929688;276,09999084472656;2186,070068359375;3862,989990234375;0,09891878491273665;0,15483894947659982;-0,0027638081159184757;-0,05105245648933243;0,1443687897203383;0,08895561624544501;-0,03163657708903267;-0,07852713441856318;-0,05534321223016547;-0,10108583552183859;0,16071731686177104;0,10451250717774219;-0,05795406232696121;-0,1035702617851374;-0,03431294777643257;-0,08107390860305574
2010-09;0,63;4,201533927119765;67719,0;16458,0;1124,8299560546875;1462,8550415039062;1,7184;1,8428499999999999;1271,9000244140625;273,1999969482422;2303,25;3857,574951171875;0,09931467888708245;0,15435871876844165;-0,006967579175983785;-0,05431899194448253;0,15194925396817238;0,09702010616879986;-0,025933610543123042;-0,07238065366465651;-0,05026450227751811;-0,09555135961520278;0,16626496253907663;0,11065318946846481;-0,05688185955414182;-0,1018531771276947;-0,03272049523432852;-0,07884391490542231
2010-10;0,6322;4,1839635511653395;70555,0;14891,0;1176,18994140625;1392,27001953125;1,681;1,8714;1342,0999755859375;270,29998779296875;2441,22998046875;3336,1650390625;0,09870588794293833;0,1538750671511806;-0,010672437015992298;-0,057974256053189066;0,1683161853304731;0,11245654607202105;-0,016724090501115896;-0,06373656733383004;-0,03074931459002128;-0,07709121613843983;0,17379940284941453;0,11767759949837409;-0,04109358148276665;-0,08694090200570836;-0,027218040714585334;-0,07372877984933657
2010-11;0,6383;4,166940424162348;70574,0;14512,0;1197,8399658203125;1367,719970703125;1,71835;1,95315;1366,0;265,40000915527344;2532,02001953125;3028,989990234375;0,09784843217302597;0,15340473278927358;-0,012726220576352198;-0,060280454854165;0,17136365958983224;0,11494232737824484;-0,013174959522353258;-0,060707579292202274;-0,017761552282532178;-0,06507324862546526;0,17802627339692068;0,12128402159394125;-0,030261735426758474;-0,07697133268619005;-0,025733512657739488;-0,07266122182382562
2010-12;0,6434000000000001;4,149027751605948;68471,0;14906,0;1242,22998046875;1326,9450073242188;1,6949;1,9628999999999999;1388,3499755859375;271,20001220703125;2637,425048828125;2634,905029296875;0,0970345506279966;0,15290795013831948;-0,0145726982079325;-0,062329479930881115;0,16470128702200038;0,10825634680612262;-0,006575404524155504;-0,05471975924019645;9,559872539188774e-05;-0,04837205294566771;0,17739157878023826;0,12033162871797543;-0,01447849261391465;-0,062239839824324794;-0,02105228134636239;-0,06849504291071085
2011-01;0,6437999999999999;4,137152970563534;70092,5;17024,0;1282,635009765625;1342,5400390625;1,6734;1,952;1368,2999877929688;264,70001220703125;2713,3599853515625;2682,780029296875;0,09669347689484598;0,1525775548085535;-0,015281731265292753;-0,06302695432940342;0,15202258661061396;0,0961654169824997;-0,0045542784700775;-0,05281963469600648;0,0011340558226651254;-0,0474071059796336;0,17853568247664087;0,12139299422209748;-0,014165005778949413;-0,06196437459128035;-0,019766412475683337;-0,06729419049834395
2011-02;0,6464;4,125396272913456;66726,5;16863,5;1320,8800048828125;1315,9200439453125;1,6679499999999998;1,9952;1364,800048828125;260,70001220703125;2783,989990234375;2470,969970703125;0,09620816221905981;0,15224960306706792;-0,01775537908486302;-0,06552836479452762;0,14745341507098475;0,09164524424117682;0,00037628184237714635;-0,04827856522842422;0,011998852808430938;-0,03722127597005076;0,1800293186412658;0,12263676837826498;-0,0059695704566291585;-0,05431577719004321;-0,017385778269240038;-0,06517674008598329
2011-03;0,6497999999999999;4,1142052568488054;67264,0;15149,0;1308,43994140625;1172,18505859375;1,6612;2,08965;1426,0999755859375;261,4499969482422;2736,419921875;1945,9450073242188;0,09568436770830702;0,15193664860000267;-0,022684386402478496;-0,07040943489602414;0,1607531540985785;0,10407033864199011;0,011057281265979935;-0,03831546701187849;0,03467800746678029;-0,015848206782256513;0,18488481326435569;0,12702358155421223;0,011206971743257244;-0,038173086338299855;-0,011877932777296873;-0,06013069055546816
2011-04;0,6539;4,103892765298503;66972,0;14444,0;1332,52001953125;1187,655029296875;1,5842;2,17875;1479,3500366210938;261,1999969482422;2790,39501953125;1942,3250122070312;0,09513756366237658;0,1516475828672419;-0,0313647694085204;-0,07889458347451628;0,1657906796861226;0,1085866750253408;0,011575594782231136;-0,038061253450451304;0,03689404081342862;-0,01398515437742509;0,18935027665349047;0,13099022973039598;0,004372098322246609;-0,04491128264375499;-0,020152240487400275;-0,0682322404210991
2011-05;0,6557999999999999;4,089676249376533;63724,5;14730,5;1340,199951171875;1266,5249633789062;1,61735;2,3062;1508,800048828125;268,6999969482422;2823,31005859375;2174,5550537109375;0,09463191213700894;0,15124801115013398;-0,03485913489718795;-0,08232285275037621;0,15773428550282453;0,10079920435255652;0,005670207046549081;-0,04378666364095418;0,026452405468007756;-0,024026492612502115;0,18832819831794878;0,12988856907694446;-0,00932883739974466;-0,05804808476260448;-0,029386586362969647;-0,0771194333235844
2011-06;0,6564;4,077489049712619;62303,0;14807,5;1285,5549926757812;1226,199951171875;1,5877;2,3827;1530,6500244140625;272,0;2685,81005859375;2121,659912109375;0,09426562888955048;0,15090447931690587;-0,039781856033807794;-0,08703656119058445;0,1545233524732339;0,0977064083646908;0,00473825112728643;-0,04470739840048066;0,02385852925973042;-0,026528076353215524;0,1885862445211668;0,13009298141091907;-0,016872463350266265;-0,06525459627268582;-0,03523210133071908;-0,08271071114747441
2011-07;0,6527000000000001;4,057048728136524;59971,0;13910,0;1326,2849731445312;1205,8199462890625;1,5639;2,4749;1589,4000244140625;267,3999938964844;2815,1300048828125;2027,1300048828125;0,09396044614609789;0,15032622896030068;-0,04486418024068062;-0,09166566734862813;0,15734120609815228;0,10063169063851007;0,009567679547202612;-0,03990095911283098;0,033383886599694934;-0,017251742015346627;0,19510807891731585;0,13654799333477863;-0,012978034346528777;-0,06134193699278501;-0,035725746793168645;-0,08297501553209752
2011-08;0,6410000000000001;4,037003869346809;53473,0;13509,0;1178,81005859375;1181,6600341796875;1,5974;2,514;1759,800048828125;273,8999938964844;2507,97998046875;1918,8900146484375;0,09419583786340557;0,1497566140665314;-0,04433684874652277;-0,09051826298911647;0,14749587980552814;0,09204435120210608;-0,00024144621934341082;-0,048553724299922996;0,027134692642536873;-0,022500508486278714;0,20444543596998854;0,14624188010600592;-0,01840522286746127;-0,06583975559132549;-0,04456759000135868;-0,09073785391607969
2011-09;0,6376999999999999;4,016257304661991;55778,0;10552,0;1172,8699951171875;1032,739990234375;1,7288;2,6793;1806,5999755859375;289,75;2529,139892578125;1527,800048828125;0,09385238469749413;0,14916437178897324;-0,042866887821748745;-0,0889359582221948;0,18117110845175644;0,12431856176010792;0,012805120065639386;-0,03594357516239355;0,05169699550852802;0,001076342738762781;0,2008364322976257;0,14303734726436534;0,006614018379593745;-0,041836684546426306;-0,030610683401507077;-0,07726967377974336
2011-10;0,6402;3,99556549597078;54783,5;11141,0;1209,8800048828125;1077,0899658203125;1,7631999999999999;2,73755;1659,699951171875;282,1000061035156;2614,919921875;1671,31005859375;0,0931207659639306;0,14857094373387092;-0,0430396328125251;-0,08923932362729448;0,17266121145460755;0,11604801486120864;0,011693668241391064;-0,037148411613370014;0,04577952987841272;-0,004708131468311061;0,1938854201071072;0,13624757096679496;0,0007695629095907375;-0,04754512803120692;-0,03184925575847486;-0,07858919043048707
2011-11;0,6362;3,9757928342940527;57155,5;12810,0;1236,9100341796875;1138,6500244140625;1,77475;2,53485;1745,5;275,9499969482422;2621,64990234375;1887,969970703125;0,09284541825215564;0,14800128626725573;-0,03501960081588695;-0,08138220700042975;0,16131728433440018;0,10552164749615822;0,008311650567151885;-0,04013281110901934;0,033375025331844776;-0,016273609377119302;0,20256606929830712;0,14478862933277936;-0,002813355548383467;-0,05072331488878579;-0,026999020933717754;-0,073746976900249
2011-12;0,6343;3,952701086315451;57455,0;13353,0;1244,5799560546875;1144,7250366210938;1,8532;2,34905;1611,9000244140625;276,0;2605,14990234375;1979,655029296875;0,09233593046082955;0,14733276807941165;-0,023430844740036427;-0,07024221172038836;0,15711066909045712;0,1016451325476253;0,008398432897199104;-0,039938655009490565;0,027837172084563155;-0,02143170232063918;0,19300675295673075;0,13582055511103985;0,003754078887411527;-0,04436038417108601;-0,015229194220111264;-0,062433703324873746
2012-01;0,6328;3,932448843362252;60304,0;13232,0;1301,77001953125;1138,4100341796875;1,78135;2,3799;1654,6499633789062;281,5;2748,89501953125;1979,25;0,09187521789562503;0,14674355553921314;-0,028553126437168008;-0,07503402864410524;0,16378314432242091;0,10809951200710866;0,013499537919394067;-0,03499346174000584;0,03339355843199354;-0,016051312139870766;0,19377580763115532;0,13665711377195655;0,0038869414987297013;-0,04414612343202662;-0,015439042530829838;-0,06254741543963727
2012-02;0,6332;3,913237951594829;65611,0;13183,5;1351,8599853515625;1104,1800537109375;1,7173;2,4236500000000003;1738,4500122070312;297,5;2931,6099853515625;1805,199951171875;0,09131390435003173;0,14618211031328965;-0,03386542012599936;-0,08011467723773613;0,1740716282854209;0,11786833970087462;0,02044401198336776;-0,02840505983487307;0,049682816830371124;-0,0005659285231914835;0,19307439081866162;0,13596143222691226;0,014134867239368187;-0,03441218324199169;-0,014113753197509293;-0,061308530675860284
2012-03;0,6341;3,8854043103688123;66757,0;13986,5;1396,5299682617188;1153,7149658203125;1,81185;2,3481;1670,3500366210938;293,5500030517578;3055,8150634765625;1864,1600341796875;0,09047511369194416;0,1453642455479578;-0,02559261864790241;-0,07228900841596331;0,16917299640642747;0,11314288108574111;0,019283920966237877;-0,029563080984538415;0,05066529580971646;0,0003144085854980272;0,18990568696434318;0,1328820017900605;0,023776019567472773;-0,0252862566014328;-0,006802223716989686;-0,05439910297474648
2012-04;0,6302;3,8583148710850432;62346,0;13318,0;1386,35498046875;1120,2650146484375;1,8413499999999998;2,3176;1649,5;302,4499969482422;3037,135009765625;1762,875;0,08997284377004311;0,14456316923395662;-0,022740757725073557;-0,06935146610048937;0,16690891679666797;0,11125280338415289;0,02153997783293371;-0,027182715123910794;0,05590356923514128;0,005541893224167094;0,18486773535164214;0,12835507004560442;0,03189152198612466;-0,017324891352055283;-0,001690615309442034;-0,04930531731004173
2012-05;0,6286;3,8326608717250323;56063,0;12574,0;1331,5400390625;1081,8499755859375;1,9945499999999998;2,4838;1579,9500122070312;311,40000915527344;2883,9000244140625;1657,0150146484375;0,08935290590949418;0,14379986063417793;-0,021698249756689658;-0,06826719327189801;0,16123545624501512;0,10595853544191747;0,02098348939487349;-0,02761718257138357;0,05697660722046116;0,006662597349473609;0,17633893723709781;0,12034306325515898;0,03404206481001304;-0,015180219108533177;-0,0011700653554729268;-0,04871618780306319
2012-06;0,6301;3,8066643485737455;54392,5;11879,0;1325,510009765625;1016,7949829101562;2,04415;2,6976;1612,199951171875;320,25;2849,489990234375;1500,9600219726562;0,08851153022031921;0,143021655309028;-0,027356876248864626;-0,07374173527239081;0,16432953410088258;0,10880324704102984;0,026868807308231935;-0,022102047159902827;0,06620275670334674;0,015356086066898866;0,17541973064414496;0,11936455771583665;0,037034779832014975;-0,012420884728164716;-0,0012231155771186275;-0,04885428043976747
2012-07;0,6267;3,77724231562403;54331,0;10580,5;1360,02001953125;908,8299865722656;2,03125;2,8746;1589,0999755859375;314,0;2925,300048828125;1357,3849487304688;0,08789439189134063;0,1421351162897031;-0,03413018091595954;-0,07999995404037252;0,17775281437341817;0,12182058279879526;0,041133127357581234;-0,008310948231706417;0,0798084927986511;0,028527699462071343;0,176040172985219;0,12018927584135275;0,04295443358484352;-0,00657613699764481;0,005599065363268263;-0,042157474980934584
2012-08;0,6191;3,7489275241883955;58406,0;9739,5;1405,530029296875;917,8349914550781;2,0266;3,10575;1617,0999755859375;309,8999938964844;3048,7099609375;1325,4100341796875;0,08758532059396695;0,14127605232532137;-0,041791201263995936;-0,08686963031780504;0,19616772532840665;0,13989464370590254;0,043536278297876096;-0,0055563371616976776;0,08686745764951853;0,03573634964343775;0,1796455406108024;0,12414973647999838;0,04144596097960007;-0,00754831660094768;-7,435633475172398e-05;-0,04711533242107857
2012-09;0,6167;3,7161608565429454;60478,0;9717,0;1441,5899658203125;875,77001953125;2,0273;3,1884;1763,800048828125;319,8000030517578;3136,419921875;1256,0349731445312;0,08679218454941617;0,14027460018646942;-0,0442715329027481;-0,08909816247522151;0,2006226213573974;0,14430969634075308;0,05110273877339888;0,0018027600286902867;0,09583015501654213;0,044432321715136336;0,18619773020492603;0,13056137732626438;0,04731607425290374;-0,001806298180368926;0,004568809289623665;-0,04254858382398374
2012-10;0,6152000000000001;3,6846507673677262;58663,5;9022,0;1440,1300048828125;879,2000122070312;2,02905;3,852;1751,5;316,5;3064,179931640625;1272,2900390625;0,08596793595519525;0,13930402885954662;-0,06209112142537965;-0,10599897553307291;0,20588672641582972;0,14943358937512152;0,050585497335368323;0,001402729373128908;0,0918747268632929;0,04075901903051249;0,18659808395453403;0,13104793751181765;0,024079000616320734;-0,02386287559467004;-0,014646534347425022;-0,060775489092084745
2012-11;0,608;3,6454763536413686;57358,0;9971,0;1394,530029296875;909,0899963378906;2,07285;3,57485;1724,199951171875;318,6000061035156;2937,2900390625;1406,155029296875;0,08529255577232342;0,13808691087079916;-0,0530413723261739;-0,09696953771973305;0,19120231384353126;0,1359440050531573;0,043715418416780505;-0,004701167254597349;0,07644380522376282;0,026508992729473935;0,18395224363703577;0,12903025606898222;0,01934774856268584;-0,027938452950055814;-0,011644679694032378;-0,057493183218052524
2012-12;0,5838;3,608021353126171;59586,0;10674,0;1419,6399536132812;897,3800048828125;2,0796;3,616;1693,4000244140625;337,0;2999,4449462890625;1381,68994140625;0,08581759800384092;0,1369121556776629;-0,05381700468408346;-0,09633990443735652;0,18763148727554912;0,13425752586717787;0,04693611753093596;-0,00011478043937129812;0,0805951896314534;0,03203160187935539;0,1752032020127714;0,12238778660549143;0,022440793249459245;-0,023509247673108136;-0,009406848410162594;-0,05392560798401147
2013-01;0,5707;3,5631913373775315;61728,0;11625,5;1472,6300048828125;908,5900268554688;2,0366;3,42525;1669,5;356,6000061035156;3125,6298828125;1387,0799560546875;0,08536194437711742;0,13549157016418367;-0,050660947847579796;-0,09257232145871797;0,1816995129971659;0,12952990123092345;0,04947613679376328;0,0031439161130581983;0,08463497725443081;0,0367505658206535;0,16691845333209043;0,11540139505828795;0,029686341238083225;-0,015772200525335567;-0,0036913190396249407;-0,04767630550476243
2013-02;0,5568;3,511116676610148;57758,5;10306,0;1514,6800537109375;837,280029296875;1,97125;3,5912;1634,699951171875;354,0;3168,47998046875;1310,1700439453125;0,08472898197405554;0,1338210774568711;-0,058218377867015114;-0,09899556417705879;0,1880988534830066;0,13665664313969983;0,06107239832364497;0,01513016940555012;0,09232614882381251;0,0450306974844239;0,1653153810456931;0,11485964769294577;0,028732692337566368;-0,015809294544354757;-0,0007015155062209955;-0,04396906238110909
2013-03;0,5471;3,4762814560941315;56684,0;11006,0;1552,2899780273438;848,1799926757812;1,98285;3,4442;1592,0;336,5;3243,3450927734375;1341,1700439453125;0,08432545854394213;0,13269111322612792;-0,0537189351313998;-0,09412492285507035;0,17810255561100452;0,12779784259653337;0,06230318350348085;0,016943077521207828;0,09232263099505156;0,04568070138568947;0,16814243148035413;0,11826301351646618;0,03364422243806864;-0,010492152380205066;0,005237387698977969;-0,03768602169247992
2013-04;0,5395;3,425868198131651;54926,0;12086,0;1569,4299926757812;885,22998046875;2,0026;3,14015;1469,7999877929688;327,8999938964844;3247,0150146484375;1396,5799560546875;0,08327593584332749;0,13103765803615652;-0,0439857147562841;-0,08435650911468628;0,16345486047410196;0,11432421709097573;0,0589332457146694;0,014216365473571413;0,08803245264780735;0,042086764304965385;0,16185433596002863;0,11279127989962401;0,04017456754006066;-0,0037501668610518957;0,012355310022717836;-0,030394666279304428
2013-05;0,5353;3,384433775124599;55448,0;13130,0;1648,97998046875;933,4099731445312;2,0254;2,9639;1404,0;352,6000061035156;3459,2799072265625;1520,1500244140625;0,08225419292441871;0,1296622133147538;-0,03735817755082149;-0,07775692915051269;0,15494716187171154;0,10647801954366054;0,058557112690565294;0,014133127722957939;0,0857002188005338;0,04013713144218389;0,14817603844103044;0,09999105677081488;0,04514043725961758;0,0012795038085644528;0,01901134812698624;-0,02375303772268622
2013-06;0,5329;3,336998374411708;49256,5;13614,5;1624,3450317382812;986,239990234375;2,1529499999999997;2,8731999999999998;1377,2999877929688;356,6000061035156;3423,8050537109375;1627,6700439453125;0,08089676509146693;0,1280688306148534;-0,02844630321258579;-0,06907342932453098;0,1372244420349169;0,08966951946407664;0,05116179439412227;0,007205723899901262;0,0771948435128178;0,032150157975371796;0,14468164706813846;0,09681488912440117;0,04655263237521834;0,0027893016206859134;0,021260127265301465;-0,02144555551960725
2013-07;0,5369999999999999;3,2942124946784204;47315,0;13601,0;1681,7050170898438;991,8150024414062;2,2548;2,8823;1284,2000122070312;350,75;3593,0550537109375;1720,8099975585938;0,0792145062313383;0,12661404479090654;-0,02425376444593541;-0,06530590783997792;0,13277276905417756;0,08511411718997342;0,054221610695259326;0,009867807263175932;0,07639852781009893;0,03111168467131442;0,13857986409790835;0,09067689287099356;0,05029181146664108;0,006103344753844775;0,028652768075641877;-0,014625288655718327
2013-08;0,5353;3,256168070845635;50195,5;13890,0;1662,4099731445312;990,6699829101562;2,3474500000000003;2,9973;1363,8999633789062;361,6000061035156;3655,7900390625;1715,6199951171875;0,07808091114777693;0,12530612141008945;-0,024142029396082343;-0,06509541707531719;0,13709370139241206;0,08937380712140386;0,05312740211085498;0,008931283337976215;0,07858906899629003;0,03332441202796721;0,14197187715132675;0,09404726269660313;0,052549739986288646;0,008377863697098586;0,02770276941127503;-0,015426365362996353
2013-09;0,5343;3,22181447497234;53798,0;16054,0;1690,4400024414062;1021,989990234375;2,2649;2,91855;1334,2000122070312;379,70001220703125;3737,3599853515625;1855,030029296875;0,07700823581619853;0,12411321359629546;-0,02503687671887367;-0,06589185084700866;0,12854345703477565;0,08125283379103143;0,051611464116073646;0,007544608525963392;0,07255951183102649;0,02761484668382308;0,1339085575848069;0,08639311451051501;0,04570597155965772;0,001886580452916009;0,025282397532845335;-0,017681161626467046
2013-10;0,53;3,196509507038505;54173,0;17814,0;1721,5400390625;1039,25;2,1848;2,8635;1320,5999755859375;377,20001220703125;3839,429931640625;1912,3599853515625;0,0764613889837511;0,12322716969742875;-0,026689407146415656;-0,06721338215313821;0,11764053326259494;0,07110735323868567;0,05176740952327852;0,007976869762022387;0,07218495739677255;0,027544329076120144;0,13349591334284483;0,08630259149903585;0,043568976532547765;0,00011978011641700093;0,02369636090718097;-0,018925435309225747
2013-11;0,5328;3,172278032313911;52688,0;18800,5;1784,9349975585938;1052,0799560546875;2,29765;2,9257999999999997;1272,7999877929688;391,5;3944,465087890625;1947,1400146484375;0,07544591731428008;0,12237277695855187;-0,02387839848020068;-0,06469043734164648;0,10854730731827789;0,06219849615009587;0,05428339357163936;0,010203378579214162;0,07314669764374293;0,0282780002805485;0,12513034953777002;0,0780881946689167;0,047521673169694134;0,0037243684414254297;0,029108794588877496;-0,013918660240545222
2013-12;0,5348;3,1538363132413836;50819,0;21086,5;1805,0899658203125;1074,635009765625;2,3449;2,9318;1226,0;409,20001220703125;4060,489990234375;1955,9900512695312;0,07467893404515835;0,12171858362208265;-0,022089749126048663;-0,06309874745275446;0,09194851362012257;0,04615728203432301;0,053231371985450915;0,009063756876819928;0,07577433813786905;0,030661376091319026;0,11597761471486856;0,06917871461786773;0,052010752892162504;0,007894324859553548;0,029965755206608158;-0,01322620836477717
2014-01;0,5388;3,1391692900997454;49311,0;23471,0;1831,97998046875;1131,5250244140625;2,377;2,8431;1242,199951171875;412,70001220703125;4153,18017578125;2104,6650390625;0,07389854990406808;0,12119582965285591;-0,01774622936568293;-0,05918228375091683;0,07706328439867849;0,03162772165213723;0,04936277989102544;0,005095753876632525;0,07033512674974696;0,025183389135354117;0,11649222377201807;0,06939336410051755;0,05134071409229857;0,006990249569869933;0,030740547311268518;-0,01274090590613619
2014-02;0,5367000000000001;3,1262905476686367;47386,5;21965,5;1829,8299560546875;1144,1099853515625;2,393;2,9311;1317,0999755859375;403,6000061035156;4240,669921875;2053,56005859375;0,07360376198253804;0,1207349969179996;-0,020078680756519196;-0,06128815671875765;0,07991942701273969;0,034504644422854724;0,04807966716512069;0,004003869443017782;0,0752085423269615;0,02999187063170372;0,12555509381031782;0,07822115518516326;0,05361977325889611;0,009310992679479657;0,027035610120713427;-0,016155203729838585
2014-03;0,5375;3,1128872193826718;46589,0;21901,0;1866,52001953125;1122,469970703125;2,3338;2,907;1340,199951171875;404,20001220703125;4279,9501953125;1976,760009765625;0,07308673459992532;0,12025357528867175;-0,02172296101845894;-0,06291206165151064;0,07840512803339861;0,0330002625691026;0,052169702732509204;0,007869446218244702;0,08031020065168115;0,03482512454698283;0,12734625781656206;0,07988078882237803;0,056842664275081;0,01234565870552684;0,029313461295247256;-0,014024462473650079
2014-04;0,542;3,1034939969733157;51583,0;21754,0;1869,4300537109375;1135,530029296875;2,2334;2,90745;1298,0;399,79998779296875;4112,990234375;2030,0799560546875;0,07244901233680046;0,1199150758064691;-0,026030346146498018;-0,06731071320830428;0,09017632718413648;0,04397069976012036;0,05111699891902699;0,006566847516868313;0,07315994245474267;0,0276755311434822;0,12497582954091202;0,07729527296979954;0,04522521768208976;0,0009247813415311779;0,023756059596696355;-0,01963443594358516
2014-05;0,545;3,088588967181916;53100,0;18669,0;1885,0799560546875;1096,8599853515625;2,2187;3,1211;1293,300048828125;383,84999084472656;4127,4501953125;1925,8099975585938;0,07172451048504724;0,11937605258935902;-0,0335506685625937;-0,07469216064842443;0,11019009053818496;0,06292959240559082;0,05564491056273324;0,010706386296003956;0,07921218573522637;0,033270408805937235;0,12915555632837195;0,08108770333988424;0,043003895382911494;-0,001396504215446459;0,020227318048654075;-0,023203488684710005
2014-06;0,5445;3,0796402097983373;54210,0;20293,0;1949,97998046875;1133,56005859375;2,23245;3,1298;1273,5999755859375;392,5;4337,22998046875;1995,5999755859375;0,0714482673505521;0,11905130529666175;-0,033222542237454245;-0,07434804183652177;0,10324842264071754;0,056317619487747494;0,055743853771926366;0,010833835353107002;0,0807217604327164;0,03474921321565505;0,12491404227417746;0,07706161085567942;0,0448174360998046;0,0003722137744253118;0,020669358998055776;-0,022748634436959514
2014-07;0,5414;3,0666942409714366;55786,5;21677,0;1974,125;1106,68994140625;2,2204;3,0383;1307,75;398,29998779296875;4441,56005859375;1912,7099609375;0,07121220517853066;0,11857999434386679;-0,030874420871202957;-0,07191335982865688;0,0991399511527511;0,05259537702066974;0,05958272364045736;0,014713254035760848;0,0878991612990152;0,04183059368102837;0,12624128548364877;0,07854906853909394;0,05431090472764066;0,009664677455225146;0,02686872068292634;-0,016615430032927203
2014-08;0,5324;3,054676512708153;56964,0;22410,5;1955,1800537109375;1095,425048828125;2,2692;3,0067500000000003;1293,5999755859375;402,9499969482422;4464,93017578125;1833,9299926757812;0,07141891259524469;0,11814087149315422;-0,02775090956623605;-0,06837672264568784;0,09777893550466632;0,051907808161698155;0,0596450385906615;0,015367351224405912;0,09305796146497691;0,047384101890913355;0,12371165202886059;0,07675691586124;0,06272460882570807;0,01831824039822516;0,03023892495242153;-0,01281001631593126
2014-09;0,528;3,0452957381248758;58268,0;22749,0;1997,449951171875;1118,31005859375;2,3367500000000003;2,8892;1233,5999755859375;405,79998779296875;4562,18994140625;1886,4300537109375;0,0713974590269657;0,11779701999925751;-0,02099825812226841;-0,06163645110498539;0,09861817648032933;0,053014725985443434;0,059720577568080246;0,015731759676532286;0,09232850147426896;0,0469861343010578;0,11759958605240173;0,0712082205290967;0,0693915056460015;0,025001249202568188;0,037468291342826365;-0,005596837996141524
2014-10;0,5304;3,034588141024883;54303,0;23230,0;1946,1600341796875;1121,8399658203125;2,4477;2,8541;1228,5;420,29998779296875;4422,08984375;1932,969970703125;0,07085206853003378;0,11740336692702957;-0,015243399942242775;-0,05626860148944146;0,08862288882532954;0,04327059220672025;0,05663444534481288;0,012614795129276546;0,08627615272523714;0,04102162170827861;0,11322148188345982;0,06684440184331453;0,0697176108815254;0,025152912780057157;0,04052774390167202;-0,0028208971803113103
2014-11;0,5302;3,0243960141311463;53403,0;24034,5;2039,8199462890625;1173,8199462890625;2,5420499999999997;2,7767;1175,199951171875;437,4499969482422;4675,7099609375;2078,6201171875;0,07050585249361085;0,11702750154053798;-0,008790369795299124;-0,05007199131734896;0,08311122394552695;0,03800211054438951;0,05681516076716875;0,01280121845251947;0,08444428343271682;0,03927965114279974;0,10387102701383011;0,05789731513924856;0,07491161715894523;0,030143998688525242;0,04752536469874702;0,003898321213192446
2014-12;0,5284;3,01203761675598;50133,0;25576,0;2063,8900146484375;1200,9450073242188;2,65425;2,7145;1195,6000366210938;441,6000061035156;4760,594970703125;2149,7049560546875;0,07019356739828497;0,11657021619556773;-0,0022420473938387087;-0,043683838945805964;0,06961899563102802;0,025192461779623754;0,055641227186568276;0,01179525875659082;0,08275011262449383;0,037778178947544205;0,10472882236293368;0,058844004849596176;0,08032253555630553;0,03545143108605231;0,05327442952432593;0,00952676583359735
2015-01;0,5276;2,994362966314348;48140,0;24368,5;2024,4650268554688;1183,364990234375;2,6243;2,7007;1259,6499633789062;423,8500061035156;4663,10498046875;2076,6051025390625;0,06961991244276478;0,11591327569446053;-0,0028655668880628316;-0,04423142168004712;0,07045330872256228;0,026045840020450184;0,055162033574573055;0,011388919324931246;0,08425673274704581;0,039276632697677005;0,1150742025894338;0,0688156480606843;0,08114972255552666;0,03629851599148104;0,052138396189620684;0,00849071672676005
2015-02;0,5342;2,985022817686686;50084,5;26640,5;2096,989990234375;1201,5899658203125;2,84875;2,599;1219,0;425,5;4893,83984375;2065,39990234375;0,0688249119219777;0,11556470556469;0,009217577194768678;-0,03306649746570045;0,0651630611176155;0,020534989411746807;0,057265367612473694;0,012968192503496567;0,09009553310307372;0,04442284373424932;0,11099067595972878;0,06444252445017562;0,10014357282912378;0,05404989192034959;0,06701079275379707;0,02230530501374295
2015-03;0,5405000000000001;2,968842278064728;50524,0;27778,5;2080,3099365234375;1193,97998046875;3,1638;2,70865;1183,9500122070312;434,20001220703125;4939,93505859375;2025,7000122070312;0,06780645610502889;0,11495852526168715;0,015653601990467614;-0,027298819821835574;0,06164396074333767;0,016746587143750657;0,057092763602166974;0,012387862060942556;0,09323772791204199;0,04700424049233942;0,10551427170149297;0,05876160403548547;0,11035083618574038;0,06339362815533844;0,0736400729905986;0,028235378713625137
2015-04;0,5476000000000001;2,9550971114837647;54227,0;25435,5;2097,2900390625;1162,050048828125;3,0508499999999996;2,5804;1201,5;428,1000061035156;4994,60009765625;1950,780029296875;0,06682037998586488;0,1144412423590746;0,016888608393275995;-0,026563760945347514;0,07864250459626954;0,03255134760306588;0,06082407200031548;0,01549430923240247;0,09857381204873694;0,05163097619348478;0,1087097177766585;0,06133376750195496;0,11712719495153645;0,06939155992465507;0,07873991432648908;0,03264459494662897
2015-05;0,546;2,939448079176686;56288,0;24716,0;2115,2950439453125;1175,6500244140625;3,04045;2,4636;1191,4500122070312;420,5;5040,52001953125;1994,4300537109375;0,06636438140240619;0,1138496669888398;0,021261046311059184;-0,022277030576354995;0,08578481372349178;0,03949598005668675;0,060496621923504135;0,01528586642575136;0,09714910561238188;0,05037579305957918;0,10976489463839911;0,06245374977074003;0,12047564355694385;0,07270788143983431;0,08304388971494148;0,03687190625079295
2015-06;0,5485;2,9266024248285656;53523,0;25371,0;2101,9000244140625;1200,875;3,1042;2,4095;1178,6500244140625;429,29998779296875;5076,60498046875;2071,044921875;0,06572524090732368;0,1133619446997316;0,025657302313131236;-0,018226839169706688;0,07750746156623722;0,03140484055866977;0,05757560676887641;0,012325797254943316;0,09380117417808576;0,04700140453429591;0,10627321990413963;0,058939816835239744;0,12186516157443084;0,07386463609270533;0,08471014383073872;0,03829934627449516
2015-07;0,5566;2,9136455633545673;51965,5;25311,0;2100,875;1226,77001953125;3,1897;2,3668;1137,800048828125;423,6999969482422;5094,074951171875;2154,800048828125;0,0646968505268235;0,11286804443234288;0,03028844184806956;-0,01430824197188374;0,0745845215599148;0,028070454043189086;0,055270277118376177;0,009592238831519051;0,08984775868862882;0,04267301234386789;0,1038263286558756;0,05604651110992176;0,12285754915091807;0,07425395324479656;0,08723276954087233;0,04017121464762963
2015-08;0,5603;2,900604659044641;47508,0;26951,0;2083,389892578125;1221,72998046875;3,4909;2,3637;1118,5999755859375;437,29998779296875;5036,7900390625;2152,090087890625;0,06396671846412216;0,11236894051260804;0,0397633502967456;-0,005479603480576523;0,058325319529111797;0,012274683584730939;0,05482285745700266;0,008924623239024099;0,0887529381586094;0,041378313113424436;0,09847337286203128;0,05067578505531345;0,13204540262522113;0,08278700376918757;0,09676614823907959;0,04904284645588941
2015-09;0,5608;2,889541661076437;46498,0;29816,0;1948,8599853515625;1227,6800537109375;3,8698;2,2948;1123,699951171875;459,5;4756,52978515625;2146,14990234375;0,06352614411375801;0,11194394954920517;0,05364513907735913;0,007765861293137721;0,04543849921268017;-8,343367802587931e-05;0,04729623889624457;0,0016934137280233408;0,08283682495508526;0,03568644230291307;0,0935445604116023;0,04592792669326973;0,1409257570278868;0,09124598554078811;0,10347859128702885;0,0554293962203376
2015-10;0,5627;2,8792030385340146;47209,0;29802,5;2021,3999633789062;1191,3800048828125;3,8656;2,2544500000000003;1165,3500366210938;471,20001220703125;4855,110107421875;2084,080078125;0,06301567352825277;0,11154546004593557;0,05540131383212188;0,009322766177725095;0,0470736015447375;0,001358639649101212;0,05429026077344257;0,008260221407447643;0,08824947957799378;0,040736789525967376;0,09477560171256072;0,04697798286062205;0,1485399305237376;0,09839497501913064;0,11269932638070168;0,06411916235808635
2015-11;0,5634;2,870287470302368;47065,0;31093,5;2085,0850830078125;1233,760009765625;3,7907;2,2081999999999997;1080,800048828125;468,25;5102,64501953125;2200,949951171875;0,0626384563463589;0,11120078495683727;0,05552397189364178;0,00939486302937187;0,04232425806812157;-0,003227989396267339;0,05387550206525149;0,007818435566856907;0,0877235187469918;0,04018720697522782;0,08724334230409503;0,03972801547630045;0,14811824882995284;0,09794253221944604;0,11239085582132025;0,063776518057165
2015-12;0,568;2,8620544456194414;44893,5;33193,0;2054,364990234375;1262,0899658203125;3,8837;2,3062500000000004;1071,7999877929688;508,0;5043,080078125;2252,010009765625;0,06202119289449892;0,11088164014351132;0,053498518364894165;0,007161980858674477;0,030655905246951498;-0,014675934501247156;0,049926093253348514;0,003746683457594324;0,08395824910858396;0,03628198645664238;0,07751916546202753;0,030126116156562688;0,14194840940529807;0,0917215373403022;0,10609558363504434;0,05744564383625206
2016-01;0,574;2,850701202761144;38944,0;35952,0;1906,9000244140625;1281,5050048828125;4,03945;2,2738;1097,199951171875;553,4500122070312;4591,18017578125;2302,25;0,0611937832184255;0,11044018525602661;0,05914884625744854;0,012177140268233355;0,008026037467212532;-0,036678446542463994;0,04054474858489798;-0,005601892816693432;0,07146301727949478;0,023945195772340444;0,07083051309837418;0,023340742228802558;0,1348388185591014;0,08451037273313178;0,10209176994294134;0,05321560794378977
2016-02;0,5808000000000001;2,8419009380422224;40948,0;37312,5;1916,614990234375;1280,0;3,9796;2,15295;1210,2999877929688;553,9000244140625;4504,335205078125;2276,429931640625;0,06040850129314945;0,11009690938360595;0,06336055881590119;0,015764089582346985;0,0093408134126729;-0,03583770912465223;0,041196000221907614;-0,005408373976290681;0,07062564394198989;0,022703986419462474;0,08129990407240362;0,03290046214300113;0,13846108302478832;0,08750308250224936;0,1071667606328488;0,05760950724218716
2016-03;0,5857;2,8391196775614027;49605,0;37641,0;2024,7049560546875;1297,22998046875;3,6693499999999997;2,1506;1244,1000366210938;554,4000244140625;4757,125;2303,35009765625;0,059976574256614734;0,10998822054154589;0,0548797360543849;0,00735105849152351;0,027984177446608527;-0,01833269341521293;0,04552513239719147;-0,0015820639998510577;0,07522279006568233;0,026777535549353804;0,08418453020295269;0,035335495385582893;0,13423073298414634;0,08312681568687408;0,10290327570137503;0,05321084879980087
2016-04;0,5857;2,834686059480404;52652,5;39169,0;2080,72998046875;1305,9300537109375;3,54875;2,1296;1242,199951171875;615,4000244140625;4895,7900390625;2336,739990234375;0,059810930057000444;0,10981476094362819;0,052392481503014565;0,004975869719358483;0,03002472862010297;-0,01638408134668068;0,047682237314144116;0,0004778503648872334;0,0767657657970684;0,028250990942527032;0,07276204590900948;0,024427662719136434;0,1331801962646708;0,08212361196593987;0,1025729095536625;0,05289536763430536
2016-05;0,5897;2,8327019977248207;50990,0;38888,5;2063,3701171875;1291,6599731445312;3,5387;2,1799999999999997;1270,300048828125;673,6000061035156;4763,22021484375;2233,824951171875;0,059469774932477515;0,10973705798748434;0,049636018605885734;0,0020911065276343344;0,02746345084002977;-0,01907711995582484;0,04795562591895952;0,00048682986677883733;0,07866143612297649;0,02980177216938662;0,06549256421184468;0,0172294049952173;0,13220189523582793;0,08091703209316048;0,09997197086521581;0,05014701276898981
2016-06;0,5965;2,830066005233439;50130,5;34661,0;2087,1749267578125;1251,8699951171875;3,40975;2,2506;1278,9000244140625;585,6499938964844;4844,33984375;2134,364990234375;0,05891905688471133;0,1096337472886606;0,04241924905336947;-0,0052234705521168046;0,03759075808801082;-0,009831280211571869;0,05244633930217146;0,004345341657771007;0,0854169302499952;0,035809045025400055;0,08123437689326418;0,031817651048151596;0,13145950134101358;0,07974728687806532;0,09709032268433737;0,04694891684114344
2016-07;0,6021;2,828550310169992;55578,0;36378,0;2163,7650146484375;1264,3399658203125;3,279;2,1899;1331,9000244140625;632,7999877929688;5035,215087890625;2077,304931640625;0,05849163131164192;0,109574304439368;0,04119413554022544;-0,006740445745144319;0,04329327890197732;-0,004737942918206284;0,05519961195990142;0,006620245398699209;0,092576304646659;0,042276186832049145;0,07725995590822476;0,027664973417121708;0,13758404102831223;0,08521185334275794;0,09866764779697079;0,04808709622518825
2016-08;0,6053999999999999;2,8274903111329186;57781,0;37161,0;2180,3798828125;1292,989990234375;3,2183;2,1523;1340,300048828125;625,9000244140625;5222,990234375;2134,659912109375;0,05823418472462838;0,10953271613599957;0,0410518780405138;-0,007080485872568154;0,04512868122873637;-0,003192171057304405;0,05364351953768187;0,004928989179690868;0,09360138594217227;0,0430394293343086;0,07911991261128337;0,02922749760750576;0,1384957766628072;0,08585815677878772;0,09689756479992062;0,04618321148287241
2016-09;0,6093;2,827451002000087;58367,0;36162,0;2159,929931640625;1317,8350219726562;3,2472;2,1695;1321,699951171875;590,0;5257,490234375;2228,199951171875;0,0579759798178856;0,10953117360050046;0,041153919475963585;-0,007224074178714179;0,0490386588546603;0,00029429490208898734;0,05064950874809626;0,0018302954534004101;0,0896384792787639;0,039007614379390265;0,08399701485737943;0,033628284811340725;0,13448137351291356;0,08176685007647277;0,09388785402857613;0,04305953876107038
2016-10;0,6080000000000001;2,8274808444159483;63101,0;38850,0;2141,159912109375;1365,7100219726562;3,1868999999999996;2,1457;1265,0;588,1999816894531;5246,7900390625;2343,570068359375;0,05806259832921579;0,10953234465292216;0,040351130654919576;-0,00790939013155656;0,049698367704366975;0,0010042408837080963;0,04599368058469033;-0,0025285906725166507;0,08393084315221189;0,03364871681461756;0,0795842794709507;0,029503784506369035;0,12766867822514394;0,07535761123809404;0,08820070825418336;0,03772050848980335
2016-11;0,6073;2,8279207647425597;61578,5;41162,0;2176,93994140625;1386,719970703125;3,3922;2,16065;1222,2999877929688;625,75;5275,6201171875;2412,610107421875;0,058125130982259465;0,10954960636705113;0,04613974653234765;-0,0023458618044897017;0,04110195914442061;-0,007150162044084141;0,046130267786916423;-0,0023549012369706857;0,0813807574134664;0,031261828235278566;0,06924614934209883;0,01968962481034553;0,13127539146548184;0,07884398759853983;0,0943984531824218;0,04367619074919449
2016-12;0,606;2,828740354685631;59179,0;43356,0;2256,9599609375;1415,8300170898438;3,36415;2,14755;1156,4000244140625;627,1000061035156;5437,16015625;2431,4100341796875;0,05824141641052538;0,10958175921700608;0,04590733028042404;-0,002486796997137275;0,03160120666577648;-0,016130976339083003;0,04773457051356478;-0,0007441031610329052;0,08380560357667188;0,03365792337104523;0,06310736952491469;0,013917396512001634;0,13356022537984025;0,08111039905621675;0,09583326748834908;0,04512906732981481
2017-01;0,6042000000000001;2,83242802193292;63951,0;43428,0;2271,5999755859375;1423,8599853515625;3,2045500000000002;2,1364;1195,4500122070312;632,0999755859375;5554,135009765625;2446,2349853515625;0,058497988451902794;0,10972632426670281;0,04137811916083134;-0,00669505602838294;0,03945992675744869;-0,008524698847558132;0,04781945312109581;-0,0005510735970459812;0,08545500607875955;0,035347107989559534;0,06579717489516823;0,016596741966740103;0,13036909266400754;0,07818782399677371;0,09117625131137763;0,040804243174820565
2017-02;0,6036;2,832453710824343;66687,5;45241,5;2337,580078125;1448,3900146484375;3,1079499999999998;2,09575;1234,4000244140625;667,2999877929688;5782,56982421875;2488,3798828125;0,05853854639319067;0,10972733073615193;0,04019186949110609;-0,007789428083461503;0,0395628333023863;-0,008389448497840735;0,049030457175775144;0,0006414589468612952;0,08797876860147702;0,0377931878618214;0,06344119673634485;0,01438746923641343;0,13170666927820207;0,07950403622712265;0,09119295240277947;0,040859109872243726
2017-03;0,6025;2,831290182770328;64884,0;43923,0;2368,06005859375;1403,0050048828125;3,1248;2,09055;1231,9000244140625;653,25;5861,72998046875;2398,3499755859375;0,05856769080454427;0,10968173642967449;0,04101303293942782;-0,006938001952091377;0,03978742781611033;-0,00810715337870005;0,05373971624645457;0,005202466181831067;0,09348121125576658;0,043113392549315455;0,0654905556437857;0,016412039627519803;0,13832819219164483;0,08589463647749906;0,09695677793845392;0,046428868038140614
2017-04;0,6013;2,8298008750228734;64491,0;48732,5;2355,840087890625;1469,5299682617188;3,1298;2,0327;1266,0999755859375;679,6000061035156;5880,93017578125;2507,925048828125;0,058591292334467804;0,10962335142397395;0,04410537118004321;-0,003913487587982267;0,028414146402405693;-0,018883066134030013;0,04832691483308338;0,00011390544189904261;0,08896305799655768;0,03888117476054376;0,06419560897759502;0,015252791461683568;0,1369921778708505;0,08470141458531688;0,09456376252982612;0,04422430046373638
2017-05;0,6002;2,8259868310655687;65194,5;51459,0;2397,669921875;1511,0299682617188;3,18975;1,96415;1252,0499877929688;664,0;6120,909912109375;2563,8399658203125;0,058521264099313575;0,10947370409940516;0,049683086473658156;0,0014765230508011484;0,02394106734988677;-0,023083297089759536;0,047253044876753636;-0,0008419191920973068;0,09091900434415634;0,04081868659131227;0,06548013949667819;0,016548098405121614;0,14511922757274398;0,09252977140062768;0,09928380846516727;0,04879933813753601
2017-06;0,6004999999999999;2,822740812155266;62018,0;53940,5;2434,14501953125;1512,8399658203125;3,2975;1,9318499999999998;1255,0999755859375;653,5;6234,18017578125;2599,9599609375;0,05837977560150964;0,10934620048073951;0,054923920711899665;0,006457805503711445;0,014052123634135993;-0,03253622846048132;0,0487098471815508;0,000529223654535782;0,09139326390790203;0,04125164646282098;0,0674395081910053;0,0183983923664206;0,1513368610002812;0,09844126933428021;0,10630910367793889;0,05548221140447618
2017-07;0,5954;2,8190399123557586;65011,0;56001,0;2459,9400634765625;1525,4000244140625;3,1821;1,8792499999999999;1236,9500122070312;664,7000122070312;6329,3701171875;2656,64990234375;0,05857873055334695;0,10920066804642858;0,05407843041819205;0,005972173403927528;0,01503053304886004;-0,031293647667751334;0,0489482860271202;0,0010761596405921559;0,09069322789706513;0,040915936918710205;0,06407599598420566;0,015513467932837477;0,1496762057294898;0,0972070369845559;0,10567376292531971;0,05521278708302679
2017-08;0,5954;2,8145000169380796;68355,0;52735,0;2457,590087890625;1457,6400146484375;3,1539;1,9777;1285,0999755859375;666,2999877929688;6333,009765625;2547,330078125;0,058408129099842165;0,10902190831818603;0,047776733754754774;-4,192507841693782e-05;0,026282996911500822;-0,020554726159264458;0,05362463521326721;0,005539088601691944;0,09534894277900818;0,04535917328839778;0,06789047043544327;0,019153856582648787;0,14768113758671308;0,09530302018868819;0,10396337888730223;0,05358046191781396
2017-09;0,5926;2,80914001179398;74381,0;55250,0;2497,6051025390625;1489,4200439453125;3,1328;1,8991;1316,2000122070312;715,7999877929688;6433,794921875;2630,239990234375;0,05839228978009103;0,1088105221565705;0,05132861126856181;0,003524113414513641;0,03017966518483539;-0,016663178304594073;0,05305403821912669;0,0051710842400654045;0,09357150080986498;0,04384619522664335;0,06280360874172208;0,014477336357616277;0,14970300726931218;0,09742537080559899;0,10710583959166553;0,05676512008142254
2017-10;0,5924;2,803231172370446;76350,0;62643,0;2557,3948974609375;1541,239990234375;3,1732;1,80745;1276,4000244140625;757,0;6594,969970703125;2780,320068359375;0,058182742481333705;0,10857707017013829;0,05789634180811021;0,009805887527215118;0,0199846812906066;-0,026382363139268672;0,05194431891720619;0,004124435082017319;0,09021412066239654;0,040654546388331214;0,05363234028733865;0,005735721415532691;0,15333353003629502;0,10090463771019387;0,11284804676833637;0,06225956659340115
2017-11;0,5936;2,7963331567828256;73824,0;62927,0;2587,840087890625;1469,02001953125;3,26195;1,7664499999999999;1279,4000244140625;805,7000122070312;6786,43994140625;2644,320068359375;0,05784237290144123;0,10830397592974572;0,06325539512347533;0,014844875237525867;0,01609907153990142;-0,03016439868040699;0,058256567054343344;0,010073646169308503;0,09883579655874009;0,04880528420519359;0,04732940840783595;-0,00035599378754080924;0,1683430890458819;0,11514787686518191;0,12519700434537828;0,07396625376155752
2017-12;0,5926;2,7881325397979833;73102,5;63628,0;2668,860107421875;1478,0700073242188;3,297;1,7880500000000001;1262,5;802,1499938964844;6889,594970703125;2667,425048828125;0,05759812055727287;0,10797852139547581;0,06309953653094236;0,014759808145341724;0,013977681007604215;-0,03212844923200964;0,0608722284102059;0,01263377696612178;0,09953775551966593;0,049541161009828416;0,046399636768819086;-0,0011807378678351244;0,16891807829122918;0,11576672183969561;0,12781277434143767;0,07653049896826158
2018-01;0,5896;2,778913234774188;79832,0;59907,0;2798,030029296875;1378,550048828125;3,2208;1,7689;1331,4000244140625;889,5999755859375;7296,0498046875;2394,590087890625;0,05744725288673447;0,10761160830500027;0,06175923613160861;0,01367156055059815;0,02912930180172424;-0,017480545621179733;0,07335401045823753;0,02474120099820798;0,11785548199174811;0,06722717574755332;0,041145388416993445;-0,006008674356476673;0,1868933826650898;0,13313831090061634;0,13964353424293696;0,08802843480444444
2018-02;0,5871;2,771112329234776;84659,0;62591,0;2703,9599609375;1349,4249877929688;3,2432999999999996;1,7394;1328,800048828125;920,6500244140625;7218,22998046875;2320,9300537109375;0,05731643727308011;0,10730028848223006;0,06428702021293953;0,016244800215805544;0,03066166842951068;-0,015862693586477072;0,07197621874706561;0,023586906132468055;0,12015176178631481;0,06958779140250959;0,03737674142719394;-0,009450740901383092;0,19216298073783156;0,1383484033679161;0,14089037558944884;0,08939025825670632
2018-03;0,5854;2,7619331450227493;85088,0;61641,5;2716,93994140625;1321,6749877929688;3,2859;1,70015;1322,4000244140625;971,0500183105469;7345,2900390625;2259,4400634765625;0,05707896498385567;0,10693295238567257;0,06811179332215134;0,020006231216289194;0,03276024463233784;-0,013753156304938341;0,07472050917635253;0,02631730407754529;0,125125097637395;0,07445177336586384;0,031364371881546615;-0,01508616181306388;0,20175938574923857;0,14763461048797866;0,14792165037644955;0,09622161617582248
2018-04;0,5815;2,752131622958848;85210,0;64176,0;2656,8701171875;1370,2900390625;3,4052;1,6867;1336,300048828125;913,1000061035156;7094,2998046875;2364,0650634765625;0,0569635250806757;0,10653949633140836;0,07277952987241787;0,024716096702924295;0,028754604563701047;-0,01733639252135377;0,06845388451141865;0,020584251988688074;0,11615629065097255;0,06614946092632934;0,03881584160841389;-0,007725926190320087;0,19738962074869204;0,14374331746627944;0,1462154559165183;0,09486189404361811
2018-05;0,5782;2,7421356228431;83082,0;71222,0;2716,5499267578125;1403,0400390625;3,6502;1,6592;1302,9500122070312;883,7000122070312;7388,255126953125;2483,31005859375;0,05679971908539638;0,10613693240417366;0,08203620409606094;0,033773959652150465;0,015521863144327686;-0,029773630861948397;0,0683037740251673;0,020654039490242804;0,11519571906907466;0,0654544551513141;0,039590469259358496;-0,006778560870155048;0,20668214268567864;0,1528602942891646;0,15594336046768786;0,10438462258533332
2018-06;0,5743;2,7313552078493566;72122,0;67204,0;2762,590087890625;1342,8299560546875;3,7721;1,6215;1276,199951171875;884,7999877929688;7659,93017578125;2448,93994140625;0,05664491835599028;0,10570129516179816;0,0880945235021271;0,03981930199445438;0,007087635226627587;-0,037593573637216715;0,07480466520067375;0,02711907156029625;0,12079108451117104;0,07106522274094984;0,03730712644617151;-0,008714823135471228;0,219526641046615;0,16542020317801343;0,1694890700393903;0,1176026367493479
2018-07;0,5794999999999999;2,718289594404909;77363,0;59817,5;2801,830078125;1260,1599731445312;3,8518999999999997;1,5938;1231,4000244140625;936,4000244140625;7805,72021484375;2281,445068359375;0,055790158046562066;0,10517123381503835;0,0922551928510078;0,043451229459291474;0,026054677238263713;-0,019791325814492278;0,08318244098638461;0,034783864772281126;0,13088982451666076;0,08035959499061596;0,027764882200704166;-0,018157535943438274;0,2352202833706878;0,1800283777749121;0,18311164597240892;0,13024804977595927
2018-08;0,5775000000000001;2,704829992075346;77473,0;55519,0;2856,97998046875;1282,8299560546875;3,9134;1,6207;1204,5;827,4000244140625;7870,89013671875;2384,360107421875;0,05539992881176925;0,10462278547796444;0,09215721928968068;0,043489838018177185;0,03388176091878026;-0,012188820275576107;0,08336252941417444;0,03508704641315474;0,12684764225905876;0,07663442856407099;0,038267183515402925;-0,007998815545334659;0,2306947875327865;0,17585406369207024;0,18320220760761985;0,13047779033335982
2018-09;0,5738;2,6891616577379627;76789,0;50750,5;2904,31005859375;1213,5999755859375;4,1286;1,8183500000000001;1196,199951171875;805,0;7990,3701171875;2207,89990234375;0,05503468340421458;0,10398123382574354;0,08545677262673856;0,03733153007379264;0,04228351438471223;-0,003927581444849837;0,09118086605711295;0,042801837824552935;0,13725734816825774;0,08683545472585696;0,04040106957845668;-0,005726565430575037;0,23444369078876037;0,1797129050630426;0,18442966122240323;0,131916317374271
2018-10;0,576;2,673797614236477;83965,5;37257,0;2767,780029296875;954,0900268554688;3,71285;2,17;1222,5999755859375;801,5;7468,6298828125;1711,2900390625;0,054283068272863;0,10334886639920504;0,055175665682104524;0,00825212429201927;0,08464919849688202;0,036414972467332385;0,11238268850418964;0,06291515734017383;0,15875529462907756;0,10722557896475804;0,04312915907664072;-0,003258675539973721;0,2226903893729002;0,16831748734439222;0,17375914383565738;0,12156220871001677
2018-11;0,5760000000000001;2,6571648632975524;87714,0;36213,0;2730,199951171875;887,6799926757812;3,7691999999999997;2,287;1221,0;741,9000244140625;7259,02978515625;1532,0999755859375;0,05362539286785517;0,10266058311513149;0,05123134460519729;0,004483206723103761;0,09249747321368007;0,04391423530346272;0,11890651424733334;0,06914886929730413;0,16831283345856218;0,11635809513361983;0,051083038487386156;0,004341495761420511;0,22816707083615229;0,1735506214082121;0,17622959945973848;0,12392280345453144
2018-12;0,5703;2,64383188225126;86793,5;37793,5;2546,159912109375;874,8300170898438;3,8880999999999997;2,3767;1247,4000244140625;835,9000244140625;6783,91015625;1531,2949829101562;0,053477150761232384;0,10210604263129364;0,05045222670970029;0,004102487418396361;0,08669334865955736;0,03874452041276455;0,11274640536257263;0,06364802232859179;0,16049192481966323;0,10928683733697486;0,04084279686794812;-0,005082939735200909;0,2190413265054414;0,16525282834038646;0,16888693927632925;0,11731143349043838
2019-01;0,569;2,6295359442305184;94474,0;39342,0;2616,10009765625;847,9150085449219;3,7428;2,3149;1287,0999755859375;855,8999938964844;7023,830078125;1520,5849609375;0,05299332171523452;0,10150864801595127;0,04921970565646183;0,00300741629064305;0,09155490860971094;0,04347798913954959;0,11925799025233785;0,0699609041971494;0,16534986599151758;0,11402268930079384;0,04164306284327024;-0,0042355175689167135;0,22270804338241734;0,16885455816279893;0,17434753908620104;0,12262406496565514
2019-02;0,5673999999999999;2,61720552178342;97086,0;39988,0;2753,030029296875;825,4400024414062;3,7281;2,3098;1314,300048828125;941,7999877929688;7426,9501953125;1494,4300537109375;0,05260589655591508;0,10099103529939968;0,04903823524227424;0,0029362608101075605;0,09275472363275816;0,0447315452231436;0,12800894526894946;0,07843645324053972;0,173906458177832;0,12231691291385882;0,033888213574741144;-0,011547964427801705;0,23147275922638166;0,1773533537057117;0,1833245132824377;0,1313210737283932
2019-03;0,5661999999999999;2,605887126431923;95415,0;39331,5;2805,3701171875;762,5449829101562;3,8344;2,3082000000000003;1297,0;923,1499938964844;7642,669921875;1444,385009765625;0,05223038358977772;0,10051397038185228;0,05206457644596796;0,005906642376243498;0,09266646536708922;0,044727177420535114;0,13912785001174832;0,08915013060648946;0,1812891446620455;0,12946165452756309;0,03458641270951324;-0,010804690171832498;0,24279246363909457;0,18826659718250283;0,19843605904041617;0,145856270842587
2019-04;0,5717;2,5980401899630383;95923,0;45478,5;2905,030029296875;851,9199829101562;3,873;2,20255;1286,800048828125;891,7999877929688;7984,16015625;1646,1199951171875;0,0515444152465423;0,10018212993916631;0,05806457024236544;0,011288821670019988;0,07748606473173458;0,02985171549485144;0,13051201426428505;0,08053345225163877;0,17105360394644564;0,11928274753227575;0,03734772937143216;-0,00851215284734086;0,2390503281903693;0,18427341924743135;0,19615470852637173;0,14327416278912986
2019-05;0,5726;2,59003719814745;94437,0;50896,0;2857,9000244140625;907,0350036621094;3,99275;2,0614;1282,3499755859375;925,8999938964844;7801,0;1731,1599731445312;0,05115987118179022;0,09984275961575473;0,0683436786841769;0,021055049774455936;0,0637653820905355;0,016679404605608683;0,12161109960739203;0,07196466828701009;0,1624688055776642;0,11101386924688117;0,03310448908826902;-0,012624330002637296;0,2419162001064432;0,18694464414035417;0,19826612820756595;0,14522667713720772
2019-06;0,5692;2,5839325520763343;98774,0;52034,0;2890,6549072265625;925,4749755859375;3,8611;1,9516;1340,6499633789062;940,25;7841,074951171875;1832,2900390625;0,05113933285766259;0,09958325435787185;0,07061179574752896;0,023444258787647998;0,06619230281979749;0,01921947378004263;0,12063235360073188;0,07126107993566388;0,15648003171983071;0,10552943052509733;0,03611319818893666;-0,009534447170765792;0,23814116350572712;0,18359284886621752;0,19976221646125936;0,1469047485043582
2019-07;0,5657;2,57798519431022;103739,5;51995,0;2995,465087890625;940,5599975585938;3,7697;1,934;1415,7999877929688;936,1499938964844;8203,3349609375;1885,8200073242188;0,051131828273599966;0,09932990415700171;0,06901803474192114;0,02214892642022348;0,07151500429199675;0,024536420982492313;0,12281388817697714;0,07358620067329724;0,15837458546859984;0,10758780530306544;0,04223498351630539;-0,003459871716779195;0,23832332285263025;0,18403133892920054;0,20030829611988743;0,1476830103698139
2019-08;0,5652;2,5725462114681275;100391,0;56588,0;2894,594970703125;1007,0999755859375;4,0131;1,8412;1504,9500122070312;947,0;7922,275146484375;2000,25;0,05094341798526103;0,09909774918610048;0,08103038630534054;0,033667633266434516;0,059002641892284435;0,012604981631394896;0,11135170923848303;0,06266050017457703;0,1475630715772498;0,09728534854169224;0,0474111905161958;0,0015213818900456921;0,24055055057689745;0,1861988042212157;0,2014049675591778;0,14876829101514932
2019-09;0,5648000000000001;2,5677928791713525;103876,0;60046,0;2982,1300048828125;1050,780029296875;4,1249;1,8094;1504,8499755859375;997,9000244140625;8107,764892578125;2102,639892578125;0,050775928492130085;0,09889449818842433;0,08589512606301053;0,03834577497201108;0,05633851197033568;0,01008339066895636;0,10994504362640267;0,061342590862429214;0,1444942752414322;0,09437897514574334;0,04193497701405091;-0,0036894399733023997;0,24280075529168887;0,188380795176595;0,20528391307170613;0,1525067465005996
2019-10;0,562;2,561980843208834;104729,0;64071,0;2989,68994140625;1069,219970703125;4,0954;1,7412;1492,300048828125;1048,800048828125;8104,2998046875;2139,2099609375;0,05072601435361457;0,09864551669923283;0,08929313534820116;0,04178155480563572;0,05036573418475987;0,004552045876774713;0,10829636502831175;0,0599559226778299;0,142473693019749;0,09264254186104925;0,03589645161687671;-0,009286131562645905;0,24448875112232082;0,1902080202386507;0,20725962235670425;0,15460271034462902
2019-11;0,5601999999999999;2,555138433542247;108196,0;66392,0;3100,0849609375;1093,2799682617188;4,1829;1,72605;1464,8999633789062;1127,3499755859375;8496,14990234375;2152,570068359375;0,05056618068647878;0,0983517427349705;0,09255274117032197;0,04501947402728268;0,050048950898001765;0,004364879625764706;0,10984983177719032;0,06156402684111706;0,14716658148516126;0,09725725123453066;0,026537740663454823;-0,01812343753019474;0,2533399931806004;0,19881141760529908;0,21256947599559006;0,1598146874530677
2019-12;0,5612;2,5471971850005244;112200,0;68305,5;3191,139892578125;1109,02001953125;4,0813;1,7500499999999999;1475,0;1119,9000244140625;8814,23046875;2203,97998046875;0,05017192149217764;0,09800990188101522;0,08836559914644848;0,04094780072891169;0,050881431157605794;0,005096739044547993;0,11147742363712498;0,06305269167113736;0,1486763398310651;0,09863092938091889;0,02792464029362307;-0,01685987275979184;0,25017981282558677;0,19571210969648334;0,2096937921145705;0,15698997969490214
2020-01;0,569;2,5391823999549525;116791,0;69801,0;3276,239990234375;1136,219970703125;4,1693999999999996;1,7715999999999998;1557,5;1118,0999755859375;9258,7001953125;2291,25;0,04931793414491614;0,09766392164397253;0,08935840617570356;0,041378230414725214;0,052821567926812474;0,006450636571526447;0,11170953065489275;0,06274491223951584;0,14986738127604893;0,09922212188054558;0,03370053663728445;-0,011828219693875708;0,25261769778030674;0,19744685872486611;0,21105012244455335;0,15771010376857686
2020-02;0,5636;2,5314898881188737;114803,0;66125,0;3337,75;1094,8699951171875;4,328049999999999;1,83635;1577,199951171875;1104,300048828125;9572,150390625;2190,909912109375;0,04936132406365301;0,09733092760052786;0,08951617203631734;0,04188818898668467;0,05671714838522601;0,010522968139620392;0,1179158792167947;0,06904640860881006;0,15888008393413489;0,10821987125366439;0,03628680028483222;-0,009014271351650893;0,2626185928970446;0,2074234719028729;0,21798742938289606;0,16474335083664338
2020-03;0,5583;2,5220229610573988;74798,0;69042,0;2605,6199951171875;1159,4599609375;4,97405;1,7848;1622,9500122070312;1110,300048828125;7737,125;2374,409912109375;0,04932446015219627;0,0969198702442935;0,10792932849778003;0,059856217440752646;0,00803975984159444;-0,035699137647895784;0,08434013373172955;0,03729055905970946;0,12538828946844394;0,07655763318890596;0,038691262789454006;-0,006377605003534792;0,24685069185003838;0,192749775628144;0,2013722362285879;0,14924463255611076
2020-04;0,5538000000000001;2,5127586767080015;78728,0;70016,5;2797,800048828125;1196,47998046875;5,2615;1,7586;1703,4000244140625;1152,800048828125;8494,75;2471,72998046875;0,0492417579784048;0,09651626507873745;0,1158202804008488;0,06771351222197697;0,011795822921920829;-0,0318261007450068;0,08865713610976034;0,04172146251338815;0,1313968302649704;0,08261850459023501;0,03981545053660884;-0,005014493591852243;0,2624355283908908;0,20800768335902364;0,21474571087437777;0,16237393440127112
2020-05;0,545;2,5008107134930473;80502,5;62871,0;2926,3699951171875;1124,4750366210938;5,6822;1,8167;1713,6000366210938;1205,2000122070312;9153,2099609375;2318,449951171875;0,0493375973585799;0,09599376152481631;0,12078763235596646;0,07307599967483158;0,025028403741451877;-0,018606783938340032;0,10036797355655214;0,05352560034258658;0,14719585708376326;0,09836003326989351;0,035821767938930105;-0,008272890396244903;0,2857629285094847;0,23102834116298454;0,23327881580278076;0,18077846323436586
2020-06;0,5368999999999999;2,487667713520411;94686,0;63605,0;3106,320068359375;1088,2349853515625;5,2226;1,8015;1729,4500122070312;1236,1499633789062;9902,52001953125;2233,5400390625;0,04933624951834892;0,09541639570006732;0,1123084840804125;0,06551774975619762;0,040589528666086894;-0,0031842525045465697;0,11058640248279072;0,06386810980913582;0,16058031130555062;0,11175895842959171;0,034150354924859405;-0,009352553846520228;0,2909233267218503;0,23661892171363763;0,23531467778595183;0,1833495244832939
2020-07;0,5395;2,4723946380867705;101791,0;63489,0;3217,034912109375;1083,47998046875;5,3085;1,76615;1813,4500122070312;1194,800048828125;10497,84521484375;2222,489990234375;0,04851297716685199;0,09474199774602066;0,11633469768827864;0,06919385553649682;0,0483374233272591;0,004067985946861974;0,11497078586178233;0,06788753929692892;0,1679547980885756;0,1186341302896392;0,04260795854556165;-0,001419533658852501;0,3038284664377844;0,2487700936606747;0,24468057516627528;0,1921199133461169
2020-08;0,543;2,4535212301694105;102065,0;66689,5;3380,35009765625;1081,4949951171875;5,4551;1,75855;1958,699951171875;1225,5499877929688;11129,73046875;2186,070068359375;0,047471919834547016;0,0939034247971211;0,11986275151425341;0,07232938455914084;0,04347473410655778;-0,0008162893939627214;0,12071121197414758;0,07314183151440479;0,1767441742651179;0,12679643506939842;0,04800580500276164;0,0035224569916545434;0,3177919688209032;0,26185735617326844;0,25504274149424266;0,2017715642047666
2020-09;0,545;2,4380102540770663;98835,0;67719,0;3351,60009765625;1124,8299560546875;5,3698;1,7184;1933,0;1271,9000244140625;11050,4697265625;2303,25;0,046672236425846725;0,09320989200385288;0,12068454988845456;0,0729773054006615;0,03853233515880672;-0,005677711305054456;0,11536376671942805;0,06788302656198941;0,16977939146126375;0,11998219256994402;0,0427444520223792;-0,001644903140831433;0,3109536907885566;0,2551467393633322;0,24997094086785343;0,19676000895614365
2020-10;0,5468999999999999;2,4217268274174404;98309,0;70555,0;3431,239990234375;1176,18994140625;5,6172;1,681;1901,6500244140625;1342,0999755859375;11455,11474609375;2441,22998046875;0,045842512087215015;0,09247753524901547;0,1282236971250339;0,08006276333052309;0,03372863864060838;-0,010398546999902836;0,11300563567484612;0,06549432132358124;0,16718332644056533;0,11735930745035672;0,03546297029554557;-0,0087382494502799;0,3168438877794699;0,26063124886870903;0,2557193332020735;0,20211594246941988
2020-11;0,5479999999999999;2,405267963886023;106430,0;70574,0;3570,2249755859375;1197,8399658203125;5,389799999999999;1,71835;1873,0499877929688;1366,0;11867,7998046875;2532,02001953125;0,04505524930536575;0,09173277046617412;0,12110451676764877;0,07317119350342671;0,04193813350611908;-0,002610395759167883;0,11539753007562337;0,06770821157088802;0,167052269920404;0,11715442999230685;0,0320716934648948;-0,012054991759190226;0,3083875711117019;0,25244687739136307;0,2504772089592606;0,19701249858203096
2020-12;0,5486;2,389430908862754;115669,5;68471,0;3694,77001953125;1242,22998046875;5,15225;1,6949;1864,2000122070312;1388,3499755859375;12626,625;2637,425048828125;0,04432463346232729;0,09101179984348318;0,11759714798024534;0,06977232701832325;0,05383160401627407;0,008735472662344979;0,11516348509121399;0,06744280674647718;0,1695282470917685;0,11948116247978868;0,02991018963395975;-0,014162283631670047;0,307061433432096;0,2511289544050215;0,2463035304696517;0,19297103645189106
2021-01;0,5558;2,3710339775403795;119851,0;70092,5;3799,610107421875;1282,635009765625;5,335100000000001;1,6734;1850,699951171875;1368,2999877929688;13128,9501953125;2713,3599853515625;0,04303384532255916;0,09016887315955002;0,12293412521120017;0,07438244431653707;0,05510823135752263;0,009489101073661965;0,11471435639503169;0,06651806909259328;0,17077181428849486;0,12015180172354589;0,03066011313836081;-0,013901967397342507;0,31469962309998056;0,25785668357217983;0,2517507906588208;0,19762953493842939
2021-02;0,55;2,3563977744092917;118932,0;66726,5;3906,7099609375;1320,8800048828125;5,4081;1,6679499999999998;1806,699951171875;1364,800048828125;13856,2998046875;2783,989990234375;0,04277759302088979;0,089494043954232;0,12482812951696798;0,07659658716699447;0,059497747355240715;0,014067508610046575;0,1145377436602375;0,06674744310376313;0,1740807302672569;0,12373728403028328;0,02844649009323641;-0,01565230077085289;0,32063903172843444;0,26401130726426136;0,25366340547740696;0,1999075310934142
2021-03;0,5506;2,3384018886661426;114160,0;67264,0;3913,10009765625;1308,43994140625;5,6579;1,6612;1722,5;1426,0999755859375;13138,73046875;2736,419921875;0,04193814417027153;0,08865912045693025;0,13037705785791065;0,08186571144766219;0,054321655745400266;0,009074308664050568;0,11577523133149659;0,0678905380012278;0,16986855043404403;0,11966238417293185;0,019062747148115955;-0,02467142597316463;0,32239257012013356;0,26564067161557237;0,26124672322322673;0,20711896446012945
2021-04;0,5519999999999999;2,3216214217302245;119379,5;66972,0;4141,58984375;1332,52001953125;5,5840499999999995;1,5842;1767,300048828125;1479,3500366210938;13914,76953125;2790,39501953125;0,04109405986466341;0,08787535997470641;0,13426342686675685;0,08548732647108914;0,059506556796326215;0,013945184578832759;0,12008075270420604;0,07191454197124436;0,17430533232836787;0,12380733210364148;0,01794411106297722;-0,025829974376365028;0,3319715904346805;0,274693555649864;0,27046663292976914;0,2158334616846136
2021-05;0,5474;2,305549935052114;122636,0;63724,5;4170,719970703125;1340,199951171875;5,2822;1,61735;1852,7000122070312;1508,800048828125;13559,080078125;2823,31005859375;0,040679965862258305;0,0871199190343217;0,12564405707508786;0,07755841685849263;0,06765553038906824;0,02204706349683616;0,12022211830893315;0,07236809429032443;0,16989575472115281;0,1199197556485696;0,020745188576359652;-0,022859346607029374;0,31688620369924037;0,26063101734679694;0,2609713700785168;0,20710477233484115
2021-06;0,551;2,290128163299504;129265,0;62303,0;4234,53515625;1285,5549926757812;5,0373;1,5877;1857,0;1530,6500244140625;14071,14013671875;2685,81005859375;0,03974011222239793;0,08639054882646668;0,12238779936381272;0,07419161343789371;0,07571493700799481;0,02952291929654738;0,12660456937250597;0,07822731213463818;0,18011790393555938;0,12944274340296702;0,019514953555424652;-0,024263794114198656;0,324549937188068;0,26767275527548384;0,264487223371223;0,2101891800807556
2021-07;0,5548;2,277332613647597;125960,0;59971,0;4367,47998046875;1326,2849731445312;5,1685;1,5639;1805,0;1589,4000244140625;14663,6396484375;2815,1300048828125;0,0389034617096462;0,08578202222214659;0,12697830083706996;0,07832109396607945;0,07703331238847677;0,030532476792166197;0,12657317866956475;0,07793346291894232;0,17943587165070785;0,12851381294261177;0,012801647403853034;-0,030925990688562832;0,3291986345792033;0,27181057938122777;0,2696235266656428;0,21480762245580864
2021-08;0,5628;2,2618946631576655;120689,5;53473,0;4445,2451171875;1178,81005859375;5,24465;1,5974;1787,5499877929688;1759,800048828125;14819,580078125;2507,97998046875;0,03766435230790033;0,08504371972691271;0,12623827607976734;0,07706011292043535;0,08480953501315858;0,03744039347112693;0,14194500201360682;0,09208099115483259;0,1944038187130126;0,1422491484959285;0,0015658012304191615;-0,042168431066466394;0,3451832977304343;0,2864447118556368;0,28610217044571096;0,22994341281770225
2021-09;0,5678;2,2503400486153273;113794,0;55778,0;4455,47998046875;1172,8699951171875;5,2783;1,7288;1776,699951171875;1806,5999755859375;15052,240234375;2529,139892578125;0,036801815291540585;0,08448815999976089;0,11808528458767653;0,06892163093003956;0,07390445143139446;0,026683486054823735;0,14278481785098251;0,09253509382322123;0,19526121940162078;0,14270404023908756;-0,0016675010369364696;-0,04556547008344225;0,33640398065127464;0,2776405720302082;0,2777308882893921;0,2215474112993603
2021-10;0,5741;2,24031697076456;110572,5;54783,5;4471,3701171875;1209,8800048828125;5,533200000000001;1,7631999999999999;1769,699951171875;1659,699951171875;14897,33984375;2614,919921875;0,035923571081228234;0,08400415503277037;0,12115970109147267;0,07143109730232511;0,07275299424141735;0,02517145116390629;0,13964563664966834;0,08909709635713914;0,19004951899652012;0,13726533404763974;0,006437953039725164;-0,03820221210030783;0,3342355630021894;0,2750560619825455;0,2777247613363434;0,22105177501136097
2021-11;0,5823;2,233382714130825;104511,0;57155,5;4682,85009765625;1236,9100341796875;5,568350000000001;1,77475;1816,4000244140625;1745,5;15853,849609375;2621,64990234375;0,03506454423707184;0,08366816448496195;0,1211376416250014;0,07085347718702972;0,06221002884909965;0,014568827826811459;0,1423974218384576;0,09115973461748594;0,19717049239333617;0,143476177204221;0,003989485506850965;-0,04104046488358226;0,34219290246490663;0,2819941845651126;0,2807847513184505;0,22334025150521053
2021-12;0,5866;2,227973887292498;105531,0;57455,0;4677,860107421875;1244,5799560546875;5,6461;1,8532;1787,1000366210938;1611,9000244140625;15519,6298828125;2605,14990234375;0,034532800152513365;0,08340543427587499;0,11784767387137896;0,06742134348539408;0,0626866442766787;0,014748638881468601;0,1415697255415025;0,09007328869744513;0,1953769140601842;0,141453224264938;0,010371473951679144;-0,03520658372912444;0,33624930278172416;0,2759708315775464;0,27610106225855713;0,21853589011976315
2022-01;0,5889;2,2251477992052737;106692,0;60304,0;4618,06982421875;1301,77001953125;5,5213;1,78135;1817,5499877929688;1654,6499633789062;14656,85498046875;2748,89501953125;0,03425166757589815;0,08326793049695302;0,11977098150606835;0,0691030098107468;0,05871379905129914;0,01080857406357083;0,13499153629313598;0,08363485712827368;0,18219267379301218;0,12870021334936177;0,00943421928421806;-0,036241178002994756;0,32378505066248486;0,2638857457283239;0,2709305865960454;0,21342286756071527
2022-02;0,5887;2,2245721239954;112768,0;65611,0;4471,06982421875;1351,8599853515625;5,1987;1,7173;1854,800048828125;1738,4500122070312;13878,8203125;2931,6099853515625;0,034237926025556975;0,08323990165739947;0,11713294246640338;0,06659776448735166;0,05565235795889234;0,00789834609019091;0,12706243218304447;0,07607807889907003;0,1682199972035161;0,11537381996428175;0,006499327681880107;-0,039031173413095255;0,30505704292405755;0,24602083744669057;0,2590785712079855;0,20212227060411259
2022-03;0,5943;2,225419479098301;115170,0;66757,0;4386,5400390625;1396,5299682617188;5,0333000000000006;1,81185;1942,0999755859375;1670,3500366210938;13614,7802734375;3055,8150634765625;0,03391344732626811;0,08328115595312435;0,10757477876541266;0,05709995174561011;0,05604945196350353;0,00792275710355761;0,12126220607306126;0,07016361031191032;0,16115008133490472;0,10823369986516873;0,015187844866494604;-0,031076689000338442;0,2860605444479478;0,22745169494853879;0,24188173982938932;0,1852862239340094
2022-04;0,6084;2,229159995467228;116147,0;62346,0;4404,989990234375;1386,35498046875;4,7025;1,8413499999999998;1932,4000244140625;1649,5;13391,76513671875;3037,135009765625;0,033176971512439035;0,08346309780152006;0,09829560525155956;0,0473210666443018;0,06419187830275641;0,014800175625726109;0,12255349895574197;0,07045309320193271;0,1599449343411894;0,10610910220715741;0,015954998605856474;-0,031197914555267436;0,2739624237207374;0,21483476588286932;0,2328955745628527;0,17567392789162084
2022-05;0,6126;2,234211992312213;107619,0;56063,0;4008,010009765625;1331,5400390625;4,98635;1,9945499999999998;1847,4000244140625;1579,9500122070312;11737,669921875;2883,9000244140625;0,03314141757653832;0,0837083954868898;0,0959576769075412;0,04481913459333775;0,06738540922109437;0,01758007908367798;0,11649673332467847;0,06439981695296093;0,15069484942890576;0,09700221285346955;0,01576152789748919;-0,03163497743298782;0,2611128540095764;0,20226799676132057;0,2236331661293729;0,1665371506885791
2022-06;0,6137;2,2415246233829875;102063,0;54392,5;3821,550048828125;1325,510009765625;5,1203;2,04415;1834,5999755859375;1612,199951171875;11232,1904296875;2849,489990234375;0,033408600208002515;0,08406257457908128;0,09617088965752218;0,04495114141319778;0,06495910492934076;0,015197760453185216;0,11169500417335554;0,05974987520170183;0,14701667663013973;0,09342110502415335;0,013006537167361332;-0,03432726844006362;0,25732629087367465;0,19857638546463718;0,21860770175252986;0,16166696351429755
2022-07;0,6196;2,249696952891665;98719,0;54331,0;3901,0;1360,02001953125;5,3899;2,03125;1725,2000122070312;1589,0999755859375;11591,9599609375;2925,300048828125;0,03340753823159481;0,08445716382191737;0,1025079580268089;0,05060861119667259;0,06153741242037869;0,011566708862852826;0,11112537276520151;0,05882037063522727;0,14762141940996587;0,09359840611376358;0,00825137548390642;-0,03921094662200708;0,26526174770150956;0,20570094562585828;0,2250245658391392;0,16735788474623337
2022-08;0,6085;2,2593009440150813;110501,0;58406,0;4145,18994140625;1405,530029296875;5,1247;2,0266;1760,300048828125;1617,0999755859375;12644,4599609375;3048,7099609375;0,03455909221353304;0,08491923329566231;0,09721071683051519;0,04628002558582356;0,0658372010768804;0,016362816100071953;0,11421866846789008;0,06249849647874317;0,15286490180908463;0,09935083613308371;0,008521086561969371;-0,03829277998667713;0,26493572532268717;0,206219518961807;0,2225326639355958;0,16578473695278628
2022-09;0,6008;2,27036006315005;110547,0;60478,0;3899,889892578125;1441,5899658203125;5,2155;2,0273;1670,800048828125;1763,800048828125;11535,01953125;3136,419921875;0,03556119097541033;0,08544912746313615;0,09910148067716018;0,04858607329944342;0,06217225753485223;0,013354140884127341;0,10464074809951152;0,05387075244643191;0,13909098046196577;0,08673763008446689;-0,005402157312427214;-0,05111451061524197;0,25197658325174466;0,19443493833342562;0,21411228185249898;0,1583109044562263
2022-10;0,5922;2,280961941773037;115977,0;58663,5;3719,97998046875;1440,1300048828125;5,26335;2,02905;1660,699951171875;1751,5;10792,669921875;3064,179931640625;0,03660199886414328;0,08595493662201403;0,1000108025910662;0,05001907379784987;0,07053381521707824;0,021881714684757192;0,09954723398072463;0,04957657279538141;0,13417863779441608;0,08263409774978858;-0,005309195420792445;-0,05051449051289525;0,24760875364187784;0,19090920277819978;0,20951383533792378;0,15454556822142806
2022-11;0,5922;2,292253253712315;111370,5;57358,0;3957,25;1394,530029296875;5,307;2,07285;1744,9000244140625;1724,199951171875;11114,150390625;2937,2900390625;0,03711400235284845;0,08649131675318911;0,09857097676072057;0,04864468312709591;0,06860602129360682;0,020041532401793738;0,10993248346093609;0,05948984820566383;0,1423335804553203;0,09041842615775275;0,0011941238927959397;-0,044306724819884846;0,2549345172673725;0,19790203550201024;0,21933961249413292;0,1639247974113638
2022-12;0,5903;2,30349817455385;107689,0;59586,0;3895,75;1419,6399536132812;5,2396;2,0796;1795,9000244140625;1693,4000244140625;10810,5302734375;2999,4449462890625;0,03774555384616973;0,08702313503420833;0,09681108863322763;0,047089794093931436;0,06096904046286045;0,012872559031709807;0,10621944095990665;0,056071641380670334;0,13679095710639988;0,08525727132070049;0,005894096834035301;-0,03970569439924698;0,24684492721227924;0,19032220920438347;0,21331374930647562;0,15831108665741267
2023-01;0,5886;2,3168032617183254;111736,0;61728,0;3977,8900146484375;1472,6300048828125;5,180899999999999;2,0366;1912,7999877929688;1669,5;11040,1298828125;3125,6298828125;0,03845446926437601;0,0876493774323055;0,09786754578850387;0,048210464916430995;0,06113610457420382;0,01314040457992749;0,10447505754297381;0,05451911571375412;0,13449781356787294;0,08318392794147123;0,013697355900449626;-0,032152666513321604;0,2455283302841842;0,1891924806066545;0,21256732080932106;0,15772231355572264
2023-02;0,5853;2,329253479839761;108303,0;57758,5;4090,4599609375;1514,6800537109375;5,18125;1,97125;1851,9000244140625;1634,699951171875;11816,3203125;3168,47998046875;0,03922725792003501;0,08823245829345128;0,101461404997786;0,0518604797137272;0,06488438328615587;0,016930591630928582;0,10444762075466385;0,054712220432290515;0,14067816621311047;0,0893112347538938;0,012553429098586477;-0,03304379905207888;0,25641297560739074;0,19983428311189688;0,2165064281028939;0,16172480418568513
2023-03;0,5877;2,339957822279011;102932,0;56684,0;3970,989990234375;1552,2899780273438;5,208;1,98285;1926,5999755859375;1592,0;11675,5400390625;3243,3450927734375;0,03954659073547284;0,08873153633865472;0,10138234720321915;0,051625883807595585;0,06147309879482399;0,013519590624170075;0,09848111224396305;0,04885571613066797;0,13665425421902566;0,08530433387833458;0,019259689451883943;-0,02678676985230677;0,2518909304702748;0,1953350346767464;0,209847705761659;0,1551911705095086
2023-04;0,5901;2,3510287192884527;103930,0;54926,0;4129,7900390625;1569,4299926757812;5,0457;2,0026;1995,199951171875;1469,7999877929688;12087,9599609375;3247,0150146484375;0,03988029731389231;0,0892455477111378;0,09681333349126842;0,04710510658080791;0,0658505054133256;0,01754553212578447;0,10158649357570071;0,051661944236152335;0,1404778936715947;0,08879076315090884;0,03103360004519473;-0,015693450564427947;0,2508913603310421;0,1942002264060505;0,20823475414772208;0,15347684276356266
2023-05;0,5907;2,3614936777413162;108632,0;55448,0;4137,880126953125;1648,97998046875;4,9696;2,0254;1985,9000244140625;1404,0;12354,1298828125;3459,2799072265625;0,040302999320259936;0,08972942699631625;0,0939086659779591;0,04429268220829852;0,06956501510329183;0,02105317670175677;0,09636775014298982;0,04664023066306844;0,13574973945390623;0,08423598662266496;0,0352828680676216;-0,011674048516569613;0,24240648237083717;0,1860551417316958;0,19932618298017446;0,14492881848350048
2023-06;0,5893;2,3725110442093453;118087,0;49256,5;4365,68994140625;1624,3450317382812;4,8462;2,1529499999999997;1944,5999755859375;1377,2999877929688;13502,2001953125;3423,8050537109375;0,04087897439366506;0,09023676762634891;0,08451793616706449;0,03541904898954362;0,09137463011611069;0,04196532295254096;0,10391964091992612;0,053942389188953;0,1470690224246125;0,09513828837340599;0,03509491060020675;-0,011766470423330788;0,2440169288411127;0,18769711632425778;0,1972206506647649;0,14301942476218832
2023-07;0,5859000000000001;2,382954527605711;119076,0;47315,0;4528,830078125;1681,7050170898438;4,8;2,2548;1959,6499633789062;1284,2000122070312;14061,08984375;3593,0550537109375;0,04155928691148714;0,09071572761625202;0,07848304311699716;0,029877905758303624;0,09668660574687205;0,047261069154560964;0,10413867075559113;0,05437728405820308;0,14618708644465928;0,09453065927044024;0,043168785773447294;-0,0038448065536779152;0,2361433369702408;0,18043275619483734;0,1907948336596459;0,13712802190452522
2023-08;0,5868;2,3929739992704744;117535,0;50195,5;4467,7099609375;1662,4099731445312;4,8977;2,3474500000000003;1917,9000244140625;1363,8999633789062;13722,01953125;3655,7900390625;0,04193728396680596;0,0911734691551247;0,07631547102653968;0,0277497119144281;0,08880534131453488;0,03967601134603682;0,10391258269345904;0,05410158023635714;0,14141527130522258;0,08991206373706873;0,034675926722228745;-0,012010963106054318;0,22852291537176628;0,17308921625867124;0,18815819141383439;0,13454583884191473
2023-09;0,5867;2,4005315582812567;117107,0;53798,0;4450,72998046875;1690,4400024414062;4,934200000000001;2,2649;1918,25;1334,2000122070312;13709,28515625;3737,3599853515625;0,042272453423375156;0,09151759789086777;0,08097779194011734;0,03220816364177037;0,08089043198351864;0,03212474503590346;0,10164875651071004;0,05194653249560277;0,13879352158774472;0,0874154663025195;0,03697533516113061;-0,009809068762279383;0,2310105064416308;0,1754719696852307;0,19085784030652353;0,1371308399361597
2023-10;0,5858;2,406258129997795;114004,0;54173,0;4270,875;1721,5400390625;5,0568;2,1848;1925,0499877929688;1320,5999755859375;13227,919921875;3839,429931640625;0,042579977306757;0,09177770502675964;0,08754292895186921;0,038536028869515127;0,07724309819086161;0,028700329466941676;0,09511561946983926;0,045767478524536775;0,13167697820173863;0,08068130794375339;0,03840572213133653;-0,008386955302077448;0,23074729550091955;0,17528731490468652;0,19098524833916963;0,1373170265971857
2023-11;0,5825;2,4111747008335103;124819,0;52688,0;4502,8798828125;1784,9349975585938;4,892899999999999;2,29765;1982,75;1272,7999877929688;14103,83984375;3944,465087890625;0,04301005678563663;0,09200057693136565;0,0785201082585385;0,030134363591908686;0,09007630265886135;0,041172111402974165;0,09694990712939866;0,04773734473763369;0,13588646633414747;0,08492708958310247;0,04532365812087402;-0,0015727912160721225;0,22507639464011353;0,1701156821097889;0,18308253259139295;0,13000579447294647
2023-12;0,5799;2,415423326275116;130197,0;50819,0;4713,139892578125;1805,0899658203125;4,899;2,3449;2030,3499755859375;1226,0;14769,75;4060,489990234375;0,043365244107666845;0,09219284117310012;0,0764610278926181;0,028336737616069474;0,09864525977679883;0,049529200744026225;0,10073087354955423;0,05152157502180299;0,13783547525380713;0,08696737759005102;0,05173915730869605;0,00472008351963038;0,22483554526439908;0,17007802056633015;0,1848938875742927;0,131921995499235
2024-01;0,5763;2,4185541159461144;129130,5;49311,0;4783,4501953125;1831,97998046875;4,9190000000000005;2,377;2026,0;1242,199951171875;14972,759765625;4153,18017578125;0,04373847585093338;0,09233432499499061;0,07543647985367263;0,027592383277082355;0,10105370408430137;0,05206994656717723;0,10073316848086411;0,05176367097505108;0,13682105467657157;0,08624607665681205;0,05013417781362661;0,003415731896179608;0,22257883326491168;0,16818865693466445;0,18376860396923989;0,13110501995138524
2024-02;0,575;2,419539179980185;129036,0;47386,5;5003,094970703125;1829,8299560546875;4,9687;2,393;2028,0;1317,0999755859375;15826,43017578125;4240,669921875;0,043867100333606635;0,09237880703014212;0,0757962044746181;0,02802091846499244;0,10536478837741758;0,056276384188921114;0,1058158267112852;0,05670739225561339;0,14076148432396196;0,09010113996165914;0,04410679200775802;-0,002261191449781985;0,22722687504654981;0,1727266688642075;0,1896324692239626;0,13680180182886037
2024-03;0,5764;2,421993044678824;127690,5;46589,0;5161,3349609375;1866,52001953125;4,981;2,3338;2160,5499267578125;1340,199951171875;16236,57470703125;4279,9501953125;0,04388016741838641;0,09248954411757149;0,07876113270849827;0,03076258979281077;0,10608249678477089;0,05686831342156595;0,10706453744685351;0,05780665903436044;0,14262986217651075;0,09178953542250134;0,048913006968831496;0,002242530573923318;0,23262468438808814;0,17778011591166254;0,1942581943975774;0,1411207096864988
